"LOCATION","INDICATOR","SUBJECT","MEASURE","FREQUENCY","TIME","Value","Flag Codes"
"AUS","WATERABST","TOT","MLN_M3","A","1977",10900,
"AUS","WATERABST","TOT","MLN_M3","A","1985",14600,
"AUS","WATERABST","TOT","MLN_M3","A","1994",15055,
"AUS","WATERABST","TOT","MLN_M3","A","1995",24071,
"AUS","WATERABST","TOT","MLN_M3","A","1997",24071,
"AUS","WATERABST","TOT","MLN_M3","A","2001",22196,
"AUS","WATERABST","TOT","MLN_M3","A","2005",13280,
"AUS","WATERABST","TOT","MLN_M3","A","2009",14613,
"AUS","WATERABST","TOT","MLN_M3","A","2010",13842,
"AUS","WATERABST","TOT","MLN_M3","A","2011",13702,
"AUS","WATERABST","TOT","MLN_M3","A","2012",16351,
"AUS","WATERABST","TOT","MLN_M3","A","2013",20133,
"AUS","WATERABST","TOT","MLN_M3","A","2014",19364,
"AUS","WATERABST","TOT","MLN_M3","A","2015",18222,
"AUS","WATERABST","TOT","MLN_M3","A","2016",16813.717,
"AUS","WATERABST","TOT","M3CAP","A","1977",770.2056,
"AUS","WATERABST","TOT","M3CAP","A","1985",928.1838,
"AUS","WATERABST","TOT","M3CAP","A","1994",841.8734,
"AUS","WATERABST","TOT","M3CAP","A","1995",1331.601,
"AUS","WATERABST","TOT","M3CAP","A","1997",1303.419,
"AUS","WATERABST","TOT","M3CAP","A","2001",1151.93,
"AUS","WATERABST","TOT","M3CAP","A","2005",656.162,
"AUS","WATERABST","TOT","M3CAP","A","2009",672.2008,
"AUS","WATERABST","TOT","M3CAP","A","2010",625.7667,
"AUS","WATERABST","TOT","M3CAP","A","2011",609.525,
"AUS","WATERABST","TOT","M3CAP","A","2012",716.4625,
"AUS","WATERABST","TOT","M3CAP","A","2013",869.6487,
"AUS","WATERABST","TOT","M3CAP","A","2014",824.8892,
"AUS","WATERABST","TOT","M3CAP","A","2015",765.6445,
"AUS","WATERABST","TOT","M3CAP","A","2016",696.9172,
"AUT","WATERABST","TOT","MLN_M3","A","1975",2620,
"AUT","WATERABST","TOT","MLN_M3","A","1980",3341.94006,
"AUT","WATERABST","TOT","MLN_M3","A","1985",3579.80005,
"AUT","WATERABST","TOT","MLN_M3","A","1990",3806.69128,
"AUT","WATERABST","TOT","MLN_M3","A","1995",3449.42639,
"AUT","WATERABST","TOT","M3CAP","A","1975",343.0357,
"AUT","WATERABST","TOT","M3CAP","A","1980",439.1654,
"AUT","WATERABST","TOT","M3CAP","A","1985",470.1066,
"AUT","WATERABST","TOT","M3CAP","A","1990",492.8426,
"AUT","WATERABST","TOT","M3CAP","A","1995",431.7114,
"BEL","WATERABST","TOT","MLN_M3","A","1970",9481,
"BEL","WATERABST","TOT","MLN_M3","A","1995",8247.7998,
"BEL","WATERABST","TOT","MLN_M3","A","1996",7551.51013,
"BEL","WATERABST","TOT","MLN_M3","A","1997",7689.6701,
"BEL","WATERABST","TOT","MLN_M3","A","1998",7479.76001,
"BEL","WATERABST","TOT","MLN_M3","A","1999",7211.73999,
"BEL","WATERABST","TOT","MLN_M3","A","2000",7536.23169,
"BEL","WATERABST","TOT","MLN_M3","A","2001",6994.98248,
"BEL","WATERABST","TOT","MLN_M3","A","2002",6738.40363,
"BEL","WATERABST","TOT","MLN_M3","A","2003",6665.93506,
"BEL","WATERABST","TOT","MLN_M3","A","2004",6447.07666,
"BEL","WATERABST","TOT","MLN_M3","A","2005",6185.43994,
"BEL","WATERABST","TOT","MLN_M3","A","2006",6429.08252,
"BEL","WATERABST","TOT","MLN_M3","A","2007",6192.0249,
"BEL","WATERABST","TOT","MLN_M3","A","2008",6136.04,
"BEL","WATERABST","TOT","MLN_M3","A","2009",6005.4,
"BEL","WATERABST","TOT","MLN_M3","A","2010",5988.37988,
"BEL","WATERABST","TOT","MLN_M3","A","2011",5296.6001,
"BEL","WATERABST","TOT","MLN_M3","A","2012",5300.56006,
"BEL","WATERABST","TOT","MLN_M3","A","2013",4829.04004,
"BEL","WATERABST","TOT","M3CAP","A","1970",984.3047,
"BEL","WATERABST","TOT","M3CAP","A","1995",809.695,
"BEL","WATERABST","TOT","M3CAP","A","1996",739.744,
"BEL","WATERABST","TOT","M3CAP","A","1997",752.1351,
"BEL","WATERABST","TOT","M3CAP","A","1998",730.6381,
"BEL","WATERABST","TOT","M3CAP","A","1999",703.2303,
"BEL","WATERABST","TOT","M3CAP","A","2000",732.9515,
"BEL","WATERABST","TOT","M3CAP","A","2001",677.8729,
"BEL","WATERABST","TOT","M3CAP","A","2002",650.1185,
"BEL","WATERABST","TOT","M3CAP","A","2003",639.7845,
"BEL","WATERABST","TOT","M3CAP","A","2004",615.1722,
"BEL","WATERABST","TOT","M3CAP","A","2005",586.4708,
"BEL","WATERABST","TOT","M3CAP","A","2006",605.3997,
"BEL","WATERABST","TOT","M3CAP","A","2007",578.811,
"BEL","WATERABST","TOT","M3CAP","A","2008",569.2496,
"BEL","WATERABST","TOT","M3CAP","A","2009",552.9686,
"BEL","WATERABST","TOT","M3CAP","A","2010",547.447,
"BEL","WATERABST","TOT","M3CAP","A","2011",480.9371,
"BEL","WATERABST","TOT","M3CAP","A","2012",478.2367,
"BEL","WATERABST","TOT","M3CAP","A","2013",433.0391,
"CAN","WATERABST","TOT","MLN_M3","A","1972",24057,"E"
"CAN","WATERABST","TOT","MLN_M3","A","1981",37508,"E"
"CAN","WATERABST","TOT","MLN_M3","A","1986",42342,"E"
"CAN","WATERABST","TOT","MLN_M3","A","1989",43888,"E"
"CAN","WATERABST","TOT","MLN_M3","A","1991",45090,"E"
"CAN","WATERABST","TOT","MLN_M3","A","1995",47250,"E"
"CAN","WATERABST","TOT","MLN_M3","A","1996",42214,"E"
"CAN","WATERABST","TOT","MLN_M3","A","2005",40026.2,
"CAN","WATERABST","TOT","MLN_M3","A","2007",39453.8,
"CAN","WATERABST","TOT","MLN_M3","A","2009",31513.2,
"CAN","WATERABST","TOT","MLN_M3","A","2011",33335.5,
"CAN","WATERABST","TOT","MLN_M3","A","2013",35850.3,
"CAN","WATERABST","TOT","M3CAP","A","1972",1085.791,
"CAN","WATERABST","TOT","M3CAP","A","1981",1512.96,
"CAN","WATERABST","TOT","M3CAP","A","1986",1615.609,
"CAN","WATERABST","TOT","M3CAP","A","1989",1606.08,
"CAN","WATERABST","TOT","M3CAP","A","1991",1607.796,
"CAN","WATERABST","TOT","M3CAP","A","1995",1610.975,
"CAN","WATERABST","TOT","M3CAP","A","1996",1425.083,
"CAN","WATERABST","TOT","M3CAP","A","2005",1239.663,
"CAN","WATERABST","TOT","M3CAP","A","2007",1194.848,
"CAN","WATERABST","TOT","M3CAP","A","2009",932.6238,
"CAN","WATERABST","TOT","M3CAP","A","2011",965.1659,
"CAN","WATERABST","TOT","M3CAP","A","2013",1016.871,
"CZE","WATERABST","TOT","MLN_M3","A","1970",2904,
"CZE","WATERABST","TOT","MLN_M3","A","1980",3621.80005,
"CZE","WATERABST","TOT","MLN_M3","A","1985",3679.40002,
"CZE","WATERABST","TOT","MLN_M3","A","1990",3623.09998,
"CZE","WATERABST","TOT","MLN_M3","A","1992",3176.70673,
"CZE","WATERABST","TOT","MLN_M3","A","1993",3011.76001,
"CZE","WATERABST","TOT","MLN_M3","A","1994",2810.97998,
"CZE","WATERABST","TOT","MLN_M3","A","1995",2743.20001,
"CZE","WATERABST","TOT","MLN_M3","A","1996",2569.70001,"B"
"CZE","WATERABST","TOT","MLN_M3","A","1997",2492.5,
"CZE","WATERABST","TOT","MLN_M3","A","1998",2276.79999,
"CZE","WATERABST","TOT","MLN_M3","A","1999",1975.79999,
"CZE","WATERABST","TOT","MLN_M3","A","2000",1917.99994,
"CZE","WATERABST","TOT","MLN_M3","A","2001",1838.70007,
"CZE","WATERABST","TOT","MLN_M3","A","2002",1908.19995,
"CZE","WATERABST","TOT","MLN_M3","A","2003",2116.09,
"CZE","WATERABST","TOT","MLN_M3","A","2004",2027.99997,
"CZE","WATERABST","TOT","MLN_M3","A","2005",1949,
"CZE","WATERABST","TOT","MLN_M3","A","2006",1936,
"CZE","WATERABST","TOT","MLN_M3","A","2007",1970,
"CZE","WATERABST","TOT","MLN_M3","A","2008",1988,
"CZE","WATERABST","TOT","MLN_M3","A","2009",1948,
"CZE","WATERABST","TOT","MLN_M3","A","2010",1950,
"CZE","WATERABST","TOT","MLN_M3","A","2011",1886,
"CZE","WATERABST","TOT","MLN_M3","A","2012",1840,
"CZE","WATERABST","TOT","MLN_M3","A","2013",1650,
"CZE","WATERABST","TOT","MLN_M3","A","2014",1650,
"CZE","WATERABST","TOT","MLN_M3","A","2015",1603.09998,
"CZE","WATERABST","TOT","M3CAP","A","1970",295.7888,
"CZE","WATERABST","TOT","M3CAP","A","1980",349.957,
"CZE","WATERABST","TOT","M3CAP","A","1985",356.1386,
"CZE","WATERABST","TOT","M3CAP","A","1990",350.3569,
"CZE","WATERABST","TOT","M3CAP","A","1992",306.8298,
"CZE","WATERABST","TOT","M3CAP","A","1993",290.7393,
"CZE","WATERABST","TOT","M3CAP","A","1994",271.2976,
"CZE","WATERABST","TOT","M3CAP","A","1995",264.8271,
"CZE","WATERABST","TOT","M3CAP","A","1996",248.2665,
"CZE","WATERABST","TOT","M3CAP","A","1997",241.087,
"CZE","WATERABST","TOT","M3CAP","A","1998",220.5456,
"CZE","WATERABST","TOT","M3CAP","A","1999",191.7016,
"CZE","WATERABST","TOT","M3CAP","A","2000",186.4019,
"CZE","WATERABST","TOT","M3CAP","A","2001",179.015,
"CZE","WATERABST","TOT","M3CAP","A","2002",186.1216,
"CZE","WATERABST","TOT","M3CAP","A","2003",206.664,
"CZE","WATERABST","TOT","M3CAP","A","2004",198.0558,
"CZE","WATERABST","TOT","M3CAP","A","2005",189.9948,
"CZE","WATERABST","TOT","M3CAP","A","2006",187.9924,
"CZE","WATERABST","TOT","M3CAP","A","2007",190.2171,
"CZE","WATERABST","TOT","M3CAP","A","2008",190.7175,
"CZE","WATERABST","TOT","M3CAP","A","2009",185.7565,
"CZE","WATERABST","TOT","M3CAP","A","2010",185.0747,
"CZE","WATERABST","TOT","M3CAP","A","2011",178.4512,
"CZE","WATERABST","TOT","M3CAP","A","2012",173.8021,
"CZE","WATERABST","TOT","M3CAP","A","2013",155.7415,
"CZE","WATERABST","TOT","M3CAP","A","2014",155.682,
"CZE","WATERABST","TOT","M3CAP","A","2015",151.1822,
"DNK","WATERABST","TOT","MLN_M3","A","1970",720,
"DNK","WATERABST","TOT","MLN_M3","A","1975",1205,
"DNK","WATERABST","TOT","MLN_M3","A","1977",1205,
"DNK","WATERABST","TOT","MLN_M3","A","1985",629.59998,
"DNK","WATERABST","TOT","MLN_M3","A","1990",1261,
"DNK","WATERABST","TOT","MLN_M3","A","1991",841,
"DNK","WATERABST","TOT","MLN_M3","A","1995",845,
"DNK","WATERABST","TOT","MLN_M3","A","1996",927,
"DNK","WATERABST","TOT","MLN_M3","A","1997",910.08,
"DNK","WATERABST","TOT","MLN_M3","A","1998",730.19,
"DNK","WATERABST","TOT","MLN_M3","A","1999",667.2,
"DNK","WATERABST","TOT","MLN_M3","A","2000",692.85,
"DNK","WATERABST","TOT","MLN_M3","A","2001",670.97,
"DNK","WATERABST","TOT","MLN_M3","A","2002",654.77,
"DNK","WATERABST","TOT","MLN_M3","A","2003",638.92,
"DNK","WATERABST","TOT","MLN_M3","A","2004",674.39,
"DNK","WATERABST","TOT","MLN_M3","A","2005",641.72,
"DNK","WATERABST","TOT","MLN_M3","A","2006",673.83,
"DNK","WATERABST","TOT","MLN_M3","A","2007",565.45,
"DNK","WATERABST","TOT","MLN_M3","A","2008",693.70001,
"DNK","WATERABST","TOT","MLN_M3","A","2009",657.89001,
"DNK","WATERABST","TOT","MLN_M3","A","2010",652.18,
"DNK","WATERABST","TOT","MLN_M3","A","2011",733.72,
"DNK","WATERABST","TOT","MLN_M3","A","2012",555.4,
"DNK","WATERABST","TOT","MLN_M3","A","2013",761.74,
"DNK","WATERABST","TOT","MLN_M3","A","2014",746.06,
"DNK","WATERABST","TOT","MLN_M3","A","2015",656.18,
"DNK","WATERABST","TOT","M3CAP","A","1970",146.0079,
"DNK","WATERABST","TOT","M3CAP","A","1975",238.0139,
"DNK","WATERABST","TOT","M3CAP","A","1977",236.4115,
"DNK","WATERABST","TOT","M3CAP","A","1985",123.1072,
"DNK","WATERABST","TOT","M3CAP","A","1990",245.2775,
"DNK","WATERABST","TOT","M3CAP","A","1991",163.1455,
"DNK","WATERABST","TOT","M3CAP","A","1995",161.4844,
"DNK","WATERABST","TOT","M3CAP","A","1996",176.4081,
"DNK","WATERABST","TOT","M3CAP","A","1997",172.4384,
"DNK","WATERABST","TOT","M3CAP","A","1998",137.7619,
"DNK","WATERABST","TOT","M3CAP","A","1999",125.3717,
"DNK","WATERABST","TOT","M3CAP","A","2000",129.7182,
"DNK","WATERABST","TOT","M3CAP","A","2001",125.2262,
"DNK","WATERABST","TOT","M3CAP","A","2002",121.8675,
"DNK","WATERABST","TOT","M3CAP","A","2003",118.6048,
"DNK","WATERABST","TOT","M3CAP","A","2004",124.8232,
"DNK","WATERABST","TOT","M3CAP","A","2005",118.3614,
"DNK","WATERABST","TOT","M3CAP","A","2006",123.7679,
"DNK","WATERABST","TOT","M3CAP","A","2007",103.3738,
"DNK","WATERABST","TOT","M3CAP","A","2008",126.1779,
"DNK","WATERABST","TOT","M3CAP","A","2009",119.0439,
"DNK","WATERABST","TOT","M3CAP","A","2010",117.4074,
"DNK","WATERABST","TOT","M3CAP","A","2011",131.4234,
"DNK","WATERABST","TOT","M3CAP","A","2012",98.99014,
"DNK","WATERABST","TOT","M3CAP","A","2013",135.1126,
"DNK","WATERABST","TOT","M3CAP","A","2014",131.7216,
"DNK","WATERABST","TOT","M3CAP","A","2015",115.3481,
"FIN","WATERABST","TOT","MLN_M3","A","1970",3300,
"FIN","WATERABST","TOT","MLN_M3","A","1975",3550,
"FIN","WATERABST","TOT","MLN_M3","A","1980",3700,
"FIN","WATERABST","TOT","MLN_M3","A","1985",4000,
"FIN","WATERABST","TOT","MLN_M3","A","1989",3001,
"FIN","WATERABST","TOT","MLN_M3","A","1990",2347.10001,
"FIN","WATERABST","TOT","MLN_M3","A","1991",2677.39999,
"FIN","WATERABST","TOT","MLN_M3","A","1992",2211.5,
"FIN","WATERABST","TOT","MLN_M3","A","1993",2331.60001,
"FIN","WATERABST","TOT","MLN_M3","A","1994",2516.70001,
"FIN","WATERABST","TOT","MLN_M3","A","1995",2585.60001,
"FIN","WATERABST","TOT","MLN_M3","A","1999",2346.19989,
"FIN","WATERABST","TOT","MLN_M3","A","2001",2319.10004,
"FIN","WATERABST","TOT","MLN_M3","A","2006",6562,
"FIN","WATERABST","TOT","M3CAP","A","1970",715.4679,
"FIN","WATERABST","TOT","M3CAP","A","1975",752.3181,
"FIN","WATERABST","TOT","M3CAP","A","1980",772.726,
"FIN","WATERABST","TOT","M3CAP","A","1985",814.4615,
"FIN","WATERABST","TOT","M3CAP","A","1989",602.9597,
"FIN","WATERABST","TOT","M3CAP","A","1990",469.7749,
"FIN","WATERABST","TOT","M3CAP","A","1991",533.4396,
"FIN","WATERABST","TOT","M3CAP","A","1992",438.3613,
"FIN","WATERABST","TOT","M3CAP","A","1993",459.7194,
"FIN","WATERABST","TOT","M3CAP","A","1994",493.7516,
"FIN","WATERABST","TOT","M3CAP","A","1995",505.0982,
"FIN","WATERABST","TOT","M3CAP","A","1999",453.2909,
"FIN","WATERABST","TOT","M3CAP","A","2001",445.9397,
"FIN","WATERABST","TOT","M3CAP","A","2006",1243.375,
"FRA","WATERABST","TOT","MLN_M3","A","1970",23500,
"FRA","WATERABST","TOT","MLN_M3","A","1975",27000,"E"
"FRA","WATERABST","TOT","MLN_M3","A","1980",32973,
"FRA","WATERABST","TOT","MLN_M3","A","1981",30972,
"FRA","WATERABST","TOT","MLN_M3","A","1982",34529,
"FRA","WATERABST","TOT","MLN_M3","A","1983",33788,
"FRA","WATERABST","TOT","MLN_M3","A","1984",34949,
"FRA","WATERABST","TOT","MLN_M3","A","1985",34887,
"FRA","WATERABST","TOT","MLN_M3","A","1986",33625,
"FRA","WATERABST","TOT","MLN_M3","A","1987",34377,
"FRA","WATERABST","TOT","MLN_M3","A","1988",37028,
"FRA","WATERABST","TOT","MLN_M3","A","1989",36329,
"FRA","WATERABST","TOT","MLN_M3","A","1990",37687,
"FRA","WATERABST","TOT","MLN_M3","A","1991",39323,
"FRA","WATERABST","TOT","MLN_M3","A","1992",39219,
"FRA","WATERABST","TOT","MLN_M3","A","1993",39379,
"FRA","WATERABST","TOT","MLN_M3","A","1994",33397.10138,"B"
"FRA","WATERABST","TOT","MLN_M3","A","1997",30349.44336,
"FRA","WATERABST","TOT","MLN_M3","A","1998",32470.23242,
"FRA","WATERABST","TOT","MLN_M3","A","1999",32293,
"FRA","WATERABST","TOT","MLN_M3","A","2000",32715.44922,
"FRA","WATERABST","TOT","MLN_M3","A","2001",33544.21289,
"FRA","WATERABST","TOT","MLN_M3","A","2002",32392.75781,
"FRA","WATERABST","TOT","MLN_M3","A","2003",35434.78125,
"FRA","WATERABST","TOT","MLN_M3","A","2004",33749.50781,
"FRA","WATERABST","TOT","MLN_M3","A","2005",33872.46484,
"FRA","WATERABST","TOT","MLN_M3","A","2006",32552.10547,
"FRA","WATERABST","TOT","MLN_M3","A","2007",31410.03711,
"FRA","WATERABST","TOT","MLN_M3","A","2008",29203.4082,
"FRA","WATERABST","TOT","MLN_M3","A","2009",29585.28711,
"FRA","WATERABST","TOT","MLN_M3","A","2010",28338.84521,
"FRA","WATERABST","TOT","MLN_M3","A","2011",28316.02533,
"FRA","WATERABST","TOT","MLN_M3","A","2012",30007.38139,
"FRA","WATERABST","TOT","MLN_M3","A","2013",27828.12724,
"FRA","WATERABST","TOT","M3CAP","A","1970",462.1996,
"FRA","WATERABST","TOT","M3CAP","A","1975",509.3308,
"FRA","WATERABST","TOT","M3CAP","A","1980",609.8114,
"FRA","WATERABST","TOT","M3CAP","A","1981",570.4073,
"FRA","WATERABST","TOT","M3CAP","A","1982",633.0057,
"FRA","WATERABST","TOT","M3CAP","A","1983",616.3688,
"FRA","WATERABST","TOT","M3CAP","A","1984",634.2516,
"FRA","WATERABST","TOT","M3CAP","A","1985",629.7579,
"FRA","WATERABST","TOT","M3CAP","A","1986",603.6318,
"FRA","WATERABST","TOT","M3CAP","A","1987",613.6064,
"FRA","WATERABST","TOT","M3CAP","A","1988",657.1282,
"FRA","WATERABST","TOT","M3CAP","A","1989",641.1392,
"FRA","WATERABST","TOT","M3CAP","A","1990",661.6301,
"FRA","WATERABST","TOT","M3CAP","A","1991",687.0122,
"FRA","WATERABST","TOT","M3CAP","A","1992",682.1055,
"FRA","WATERABST","TOT","M3CAP","A","1993",681.9486,
"FRA","WATERABST","TOT","M3CAP","A","1994",575.9048,
"FRA","WATERABST","TOT","M3CAP","A","1997",516.4685,
"FRA","WATERABST","TOT","M3CAP","A","1998",550.0174,
"FRA","WATERABST","TOT","M3CAP","A","1999",544.4221,
"FRA","WATERABST","TOT","M3CAP","A","2000",548.8414,
"FRA","WATERABST","TOT","M3CAP","A","2001",559.8984,
"FRA","WATERABST","TOT","M3CAP","A","2002",537.8616,
"FRA","WATERABST","TOT","M3CAP","A","2003",585.2143,
"FRA","WATERABST","TOT","M3CAP","A","2004",554.301,
"FRA","WATERABST","TOT","M3CAP","A","2005",553.1652,
"FRA","WATERABST","TOT","M3CAP","A","2006",528.5043,
"FRA","WATERABST","TOT","M3CAP","A","2007",506.9328,
"FRA","WATERABST","TOT","M3CAP","A","2008",468.5322,
"FRA","WATERABST","TOT","M3CAP","A","2009",471.9486,
"FRA","WATERABST","TOT","M3CAP","A","2010",449.6321,
"FRA","WATERABST","TOT","M3CAP","A","2011",447.0228,
"FRA","WATERABST","TOT","M3CAP","A","2012",471.5186,
"FRA","WATERABST","TOT","M3CAP","A","2013",435.3593,
"DEU","WATERABST","TOT","MLN_M3","A","1979",42206,
"DEU","WATERABST","TOT","MLN_M3","A","1983",41216,
"DEU","WATERABST","TOT","MLN_M3","A","1987",44582,
"DEU","WATERABST","TOT","MLN_M3","A","1991",46273,
"DEU","WATERABST","TOT","MLN_M3","A","1995",43374,
"DEU","WATERABST","TOT","MLN_M3","A","1998",40591,
"DEU","WATERABST","TOT","MLN_M3","A","2001",38006.16797,
"DEU","WATERABST","TOT","MLN_M3","A","2004",35556.98047,
"DEU","WATERABST","TOT","MLN_M3","A","2007",32301.10742,
"DEU","WATERABST","TOT","MLN_M3","A","2010",33035.99609,
"DEU","WATERABST","TOT","MLN_M3","A","2013",25326.84766,
"DEU","WATERABST","TOT","M3CAP","A","1979",537.9655,
"DEU","WATERABST","TOT","M3CAP","A","1983",529.8362,
"DEU","WATERABST","TOT","M3CAP","A","1987",571.168,
"DEU","WATERABST","TOT","M3CAP","A","1991",601.6883,
"DEU","WATERABST","TOT","M3CAP","A","1995",533.8956,
"DEU","WATERABST","TOT","M3CAP","A","1998",498.0538,
"DEU","WATERABST","TOT","M3CAP","A","2001",466.1283,
"DEU","WATERABST","TOT","M3CAP","A","2004",435.1306,
"DEU","WATERABST","TOT","M3CAP","A","2007",397.0905,
"DEU","WATERABST","TOT","M3CAP","A","2010",408.695,
"DEU","WATERABST","TOT","M3CAP","A","2013",311.95,
"GRC","WATERABST","TOT","MLN_M3","A","1970",4254,
"GRC","WATERABST","TOT","MLN_M3","A","1975",5847,"E"
"GRC","WATERABST","TOT","MLN_M3","A","1980",5040,
"GRC","WATERABST","TOT","MLN_M3","A","1985",5496,
"GRC","WATERABST","TOT","MLN_M3","A","1990",7862.2998,
"GRC","WATERABST","TOT","MLN_M3","A","1995",7769.5,
"GRC","WATERABST","TOT","MLN_M3","A","1997",8585.3999,
"GRC","WATERABST","TOT","MLN_M3","A","2000",9924.38013,
"GRC","WATERABST","TOT","MLN_M3","A","2001",9773.74023,
"GRC","WATERABST","TOT","MLN_M3","A","2002",9259.41016,
"GRC","WATERABST","TOT","MLN_M3","A","2003",9455.8501,
"GRC","WATERABST","TOT","MLN_M3","A","2004",9576.33008,
"GRC","WATERABST","TOT","MLN_M3","A","2005",9653.88965,
"GRC","WATERABST","TOT","MLN_M3","A","2006",9447.25977,
"GRC","WATERABST","TOT","MLN_M3","A","2007",9471.55273,
"GRC","WATERABST","TOT","MLN_M3","A","2011",9934.61035,
"GRC","WATERABST","TOT","MLN_M3","A","2012",9934.91016,
"GRC","WATERABST","TOT","MLN_M3","A","2013",9924.50977,
"GRC","WATERABST","TOT","MLN_M3","A","2014",9916.2998,
"GRC","WATERABST","TOT","MLN_M3","A","2015",9907.74023,
"GRC","WATERABST","TOT","M3CAP","A","1970",491.2357,
"GRC","WATERABST","TOT","M3CAP","A","1975",648.9516,
"GRC","WATERABST","TOT","M3CAP","A","1980",523.1198,
"GRC","WATERABST","TOT","M3CAP","A","1985",550.9918,
"GRC","WATERABST","TOT","M3CAP","A","1990",767.1631,
"GRC","WATERABST","TOT","M3CAP","A","1995",720.1066,
"GRC","WATERABST","TOT","M3CAP","A","1997",783.2592,
"GRC","WATERABST","TOT","M3CAP","A","2000",890.7085,
"GRC","WATERABST","TOT","M3CAP","A","2001",873.8727,
"GRC","WATERABST","TOT","M3CAP","A","2002",825.4949,
"GRC","WATERABST","TOT","M3CAP","A","2003",841.0009,
"GRC","WATERABST","TOT","M3CAP","A","2004",849.6829,
"GRC","WATERABST","TOT","M3CAP","A","2005",854.2355,
"GRC","WATERABST","TOT","M3CAP","A","2006",833.1821,
"GRC","WATERABST","TOT","M3CAP","A","2007",832.2325,
"GRC","WATERABST","TOT","M3CAP","A","2011",869.7173,
"GRC","WATERABST","TOT","M3CAP","A","2012",873.1487,
"GRC","WATERABST","TOT","M3CAP","A","2013",876.6228,
"GRC","WATERABST","TOT","M3CAP","A","2014",880.2966,
"GRC","WATERABST","TOT","M3CAP","A","2015",883.216,
"HUN","WATERABST","TOT","MLN_M3","A","1970",2980.3999,
"HUN","WATERABST","TOT","MLN_M3","A","1975",3965.8999,
"HUN","WATERABST","TOT","MLN_M3","A","1980",4805.2998,
"HUN","WATERABST","TOT","MLN_M3","A","1985",6266.69983,
"HUN","WATERABST","TOT","MLN_M3","A","1990",6292.79993,
"HUN","WATERABST","TOT","MLN_M3","A","1992",7136.8999,
"HUN","WATERABST","TOT","MLN_M3","A","1993",6638.20001,
"HUN","WATERABST","TOT","MLN_M3","A","1994",6258.7998,
"HUN","WATERABST","TOT","MLN_M3","A","1995",5975.99023,
"HUN","WATERABST","TOT","MLN_M3","A","1996",6010.82019,
"HUN","WATERABST","TOT","MLN_M3","A","1997",5853.20007,
"HUN","WATERABST","TOT","MLN_M3","A","1998",5742.09979,
"HUN","WATERABST","TOT","MLN_M3","A","1999",5540.00012,
"HUN","WATERABST","TOT","MLN_M3","A","2000",6621,"B"
"HUN","WATERABST","TOT","MLN_M3","A","2001",6700,
"HUN","WATERABST","TOT","MLN_M3","A","2002",6538,
"HUN","WATERABST","TOT","MLN_M3","A","2003",6227.3999,
"HUN","WATERABST","TOT","MLN_M3","A","2004",5817.5,
"HUN","WATERABST","TOT","MLN_M3","A","2005",4929,
"HUN","WATERABST","TOT","MLN_M3","A","2006",4916,
"HUN","WATERABST","TOT","MLN_M3","A","2007",5279,
"HUN","WATERABST","TOT","MLN_M3","A","2008",5432,
"HUN","WATERABST","TOT","MLN_M3","A","2009",6342,
"HUN","WATERABST","TOT","MLN_M3","A","2010",5332.75977,
"HUN","WATERABST","TOT","MLN_M3","A","2011",5192.97021,
"HUN","WATERABST","TOT","MLN_M3","A","2012",5018.60986,
"HUN","WATERABST","TOT","M3CAP","A","1970",287.5074,
"HUN","WATERABST","TOT","M3CAP","A","1975",376.7263,
"HUN","WATERABST","TOT","M3CAP","A","1980",446.8065,
"HUN","WATERABST","TOT","M3CAP","A","1985",593.0546,
"HUN","WATERABST","TOT","M3CAP","A","1990",606.3799,
"HUN","WATERABST","TOT","M3CAP","A","1992",688.947,
"HUN","WATERABST","TOT","M3CAP","A","1993",640.7783,
"HUN","WATERABST","TOT","M3CAP","A","1994",604.2408,
"HUN","WATERABST","TOT","M3CAP","A","1995",577.3994,
"HUN","WATERABST","TOT","M3CAP","A","1996",581.7117,
"HUN","WATERABST","TOT","M3CAP","A","1997",567.7745,
"HUN","WATERABST","TOT","M3CAP","A","1998",558.5622,
"HUN","WATERABST","TOT","M3CAP","A","1999",540.49,
"HUN","WATERABST","TOT","M3CAP","A","2000",647.7808,
"HUN","WATERABST","TOT","M3CAP","A","2001",657.249,
"HUN","WATERABST","TOT","M3CAP","A","2002",643.0057,
"HUN","WATERABST","TOT","M3CAP","A","2003",614.0236,
"HUN","WATERABST","TOT","M3CAP","A","2004",575.1313,
"HUN","WATERABST","TOT","M3CAP","A","2005",488.6747,
"HUN","WATERABST","TOT","M3CAP","A","2006",488.8674,
"HUN","WATERABST","TOT","M3CAP","A","2007",526.642,
"HUN","WATERABST","TOT","M3CAP","A","2008",543.6783,
"HUN","WATERABST","TOT","M3CAP","A","2009",636.8146,
"HUN","WATERABST","TOT","M3CAP","A","2010",537.1521,
"HUN","WATERABST","TOT","M3CAP","A","2011",524.6376,
"HUN","WATERABST","TOT","M3CAP","A","2012",508.4874,
"ISL","WATERABST","TOT","MLN_M3","A","1980",108,
"ISL","WATERABST","TOT","MLN_M3","A","1985",112,
"ISL","WATERABST","TOT","MLN_M3","A","1990",167,
"ISL","WATERABST","TOT","MLN_M3","A","1992",167,
"ISL","WATERABST","TOT","MLN_M3","A","1993",167,
"ISL","WATERABST","TOT","MLN_M3","A","1994",164,
"ISL","WATERABST","TOT","MLN_M3","A","1995",165,
"ISL","WATERABST","TOT","MLN_M3","A","1996",162,
"ISL","WATERABST","TOT","MLN_M3","A","1997",160,
"ISL","WATERABST","TOT","MLN_M3","A","1998",161,
"ISL","WATERABST","TOT","MLN_M3","A","1999",162,
"ISL","WATERABST","TOT","MLN_M3","A","2000",163,
"ISL","WATERABST","TOT","MLN_M3","A","2001",164,
"ISL","WATERABST","TOT","MLN_M3","A","2002",165,
"ISL","WATERABST","TOT","MLN_M3","A","2003",165,
"ISL","WATERABST","TOT","MLN_M3","A","2004",165,
"ISL","WATERABST","TOT","MLN_M3","A","2005",165,
"ISL","WATERABST","TOT","MLN_M3","A","2010",1929.90005,"B"
"ISL","WATERABST","TOT","MLN_M3","A","2011",2126.20004,
"ISL","WATERABST","TOT","MLN_M3","A","2012",2173.59998,
"ISL","WATERABST","TOT","MLN_M3","A","2013",2006.49995,
"ISL","WATERABST","TOT","MLN_M3","A","2014",1440.79996,
"ISL","WATERABST","TOT","M3CAP","A","1980",473.1405,
"ISL","WATERABST","TOT","M3CAP","A","1985",463.6107,
"ISL","WATERABST","TOT","M3CAP","A","1990",654.7916,
"ISL","WATERABST","TOT","M3CAP","A","1992",641.9349,
"ISL","WATERABST","TOT","M3CAP","A","1993",635.8126,
"ISL","WATERABST","TOT","M3CAP","A","1994",618.5458,
"ISL","WATERABST","TOT","M3CAP","A","1995",616.5251,
"ISL","WATERABST","TOT","M3CAP","A","1996",599.6669,
"ISL","WATERABST","TOT","M3CAP","A","1997",586.7059,
"ISL","WATERABST","TOT","M3CAP","A","1998",584.8251,
"ISL","WATERABST","TOT","M3CAP","A","1999",583.0065,
"ISL","WATERABST","TOT","M3CAP","A","2000",581.2399,
"ISL","WATERABST","TOT","M3CAP","A","2001",579.6958,
"ISL","WATERABST","TOT","M3CAP","A","2002",578.2798,
"ISL","WATERABST","TOT","M3CAP","A","2003",573.0122,
"ISL","WATERABST","TOT","M3CAP","A","2004",566.8077,
"ISL","WATERABST","TOT","M3CAP","A","2005",559.3618,
"ISL","WATERABST","TOT","M3CAP","A","2010",6024.76222,"B"
"ISL","WATERABST","TOT","M3CAP","A","2011",6574.15494,"E"
"ISL","WATERABST","TOT","M3CAP","A","2012",6677.19313,"E"
"ISL","WATERABST","TOT","M3CAP","A","2013",6135.5415,"E"
"ISL","WATERABST","TOT","M3CAP","A","2014",4386.54413,"E"
"IRL","WATERABST","TOT","MLN_M3","A","1980",1070,
"IRL","WATERABST","TOT","MLN_M3","A","1994",1176,
"IRL","WATERABST","TOT","MLN_M3","A","2005",799,"B"
"IRL","WATERABST","TOT","MLN_M3","A","2007",730,
"IRL","WATERABST","TOT","MLN_M3","A","2009",757,
"IRL","WATERABST","TOT","M3CAP","A","1980",311.5035,
"IRL","WATERABST","TOT","M3CAP","A","1994",324.2529,
"IRL","WATERABST","TOT","M3CAP","A","2005",189.6521,
"IRL","WATERABST","TOT","M3CAP","A","2007",165.9818,
"IRL","WATERABST","TOT","M3CAP","A","2009",165.7157,
"ITA","WATERABST","TOT","MLN_M3","A","1970",41900,
"ITA","WATERABST","TOT","MLN_M3","A","1980",56200,
"ITA","WATERABST","TOT","MLN_M3","A","1998",41982,
"ITA","WATERABST","TOT","MLN_M3","A","2008",53751,"E"
"ITA","WATERABST","TOT","M3CAP","A","1970",782.0274,
"ITA","WATERABST","TOT","M3CAP","A","1980",996.1134,
"ITA","WATERABST","TOT","M3CAP","A","1998",734.5475,
"ITA","WATERABST","TOT","M3CAP","A","2008",903.3419,
"JPN","WATERABST","TOT","MLN_M3","A","1975",87600,"E"
"JPN","WATERABST","TOT","MLN_M3","A","1980",85991,
"JPN","WATERABST","TOT","MLN_M3","A","1985",87209,
"JPN","WATERABST","TOT","MLN_M3","A","1987",89290,
"JPN","WATERABST","TOT","MLN_M3","A","1990",88906,
"JPN","WATERABST","TOT","MLN_M3","A","1995",88881,
"JPN","WATERABST","TOT","MLN_M3","A","2000",86972,
"JPN","WATERABST","TOT","MLN_M3","A","2001",85489,
"JPN","WATERABST","TOT","MLN_M3","A","2002",84648,
"JPN","WATERABST","TOT","MLN_M3","A","2003",83894,
"JPN","WATERABST","TOT","MLN_M3","A","2004",83537,
"JPN","WATERABST","TOT","MLN_M3","A","2005",83427,
"JPN","WATERABST","TOT","MLN_M3","A","2006",83107,
"JPN","WATERABST","TOT","MLN_M3","A","2007",82980,
"JPN","WATERABST","TOT","MLN_M3","A","2008",82400,
"JPN","WATERABST","TOT","MLN_M3","A","2009",81454,
"JPN","WATERABST","TOT","MLN_M3","A","2010",81467,
"JPN","WATERABST","TOT","MLN_M3","A","2011",80897,
"JPN","WATERABST","TOT","MLN_M3","A","2012",80500,
"JPN","WATERABST","TOT","MLN_M3","A","2013",80170,
"JPN","WATERABST","TOT","MLN_M3","A","2014",80067,
"JPN","WATERABST","TOT","M3CAP","A","1975",779.1996,
"JPN","WATERABST","TOT","M3CAP","A","1980",729.8051,
"JPN","WATERABST","TOT","M3CAP","A","1985",715.4493,
"JPN","WATERABST","TOT","M3CAP","A","1987",725.4442,
"JPN","WATERABST","TOT","M3CAP","A","1990",714.0151,
"JPN","WATERABST","TOT","M3CAP","A","1995",703.309,
"JPN","WATERABST","TOT","M3CAP","A","2000",681.9518,
"JPN","WATERABST","TOT","M3CAP","A","2001",669.3286,
"JPN","WATERABST","TOT","M3CAP","A","2002",661.816,
"JPN","WATERABST","TOT","M3CAP","A","2003",655.0749,
"JPN","WATERABST","TOT","M3CAP","A","2004",651.5453,
"JPN","WATERABST","TOT","M3CAP","A","2005",650.0682,
"JPN","WATERABST","TOT","M3CAP","A","2006",647.0845,
"JPN","WATERABST","TOT","M3CAP","A","2007",645.7324,
"JPN","WATERABST","TOT","M3CAP","A","2008",640.9932,
"JPN","WATERABST","TOT","M3CAP","A","2009",633.5546,
"JPN","WATERABST","TOT","M3CAP","A","2010",633.7286,
"JPN","WATERABST","TOT","M3CAP","A","2011",629.5222,
"JPN","WATERABST","TOT","M3CAP","A","2012",626.8182,
"JPN","WATERABST","TOT","M3CAP","A","2013",624.8007,
"JPN","WATERABST","TOT","M3CAP","A","2014",624.7285,
"KOR","WATERABST","TOT","MLN_M3","A","1980",13751,
"KOR","WATERABST","TOT","MLN_M3","A","1985",18580,
"KOR","WATERABST","TOT","MLN_M3","A","1990",19694,
"KOR","WATERABST","TOT","MLN_M3","A","1994",23700,
"KOR","WATERABST","TOT","MLN_M3","A","1995",24359,
"KOR","WATERABST","TOT","MLN_M3","A","1997",25443.37012,
"KOR","WATERABST","TOT","MLN_M3","A","1998",26020,
"KOR","WATERABST","TOT","MLN_M3","A","2000",20625,
"KOR","WATERABST","TOT","MLN_M3","A","2002",29163,
"KOR","WATERABST","TOT","MLN_M3","A","2003",29163,
"KOR","WATERABST","TOT","MLN_M3","A","2005",21020,
"KOR","WATERABST","TOT","MLN_M3","A","2006",20265,
"KOR","WATERABST","TOT","MLN_M3","A","2007",18665,
"KOR","WATERABST","TOT","MLN_M3","A","2008",22063,
"KOR","WATERABST","TOT","MLN_M3","A","2009",22699,
"KOR","WATERABST","TOT","MLN_M3","A","2010",19564,
"KOR","WATERABST","TOT","MLN_M3","A","2011",19535,
"KOR","WATERABST","TOT","MLN_M3","A","2012",21222,
"KOR","WATERABST","TOT","MLN_M3","A","2013",23871,
"KOR","WATERABST","TOT","MLN_M3","A","2014",25100,
"KOR","WATERABST","TOT","M3CAP","A","1980",361.3889,
"KOR","WATERABST","TOT","M3CAP","A","1985",455.2965,
"KOR","WATERABST","TOT","M3CAP","A","1990",458.8202,
"KOR","WATERABST","TOT","M3CAP","A","1994",528.7123,
"KOR","WATERABST","TOT","M3CAP","A","1995",537.7428,
"KOR","WATERABST","TOT","M3CAP","A","1997",550.6912,
"KOR","WATERABST","TOT","M3CAP","A","1998",558.0405,
"KOR","WATERABST","TOT","M3CAP","A","2000",435.2523,
"KOR","WATERABST","TOT","M3CAP","A","2002",607.502,
"KOR","WATERABST","TOT","M3CAP","A","2003",604.2263,
"KOR","WATERABST","TOT","M3CAP","A","2005",431.5469,
"KOR","WATERABST","TOT","M3CAP","A","2006",414.4524,
"KOR","WATERABST","TOT","M3CAP","A","2007",380.4337,
"KOR","WATERABST","TOT","M3CAP","A","2008",448.262,
"KOR","WATERABST","TOT","M3CAP","A","2009",459.6874,
"KOR","WATERABST","TOT","M3CAP","A","2010",394.8108,
"KOR","WATERABST","TOT","M3CAP","A","2011",392.7055,
"KOR","WATERABST","TOT","M3CAP","A","2012",424.8458,
"KOR","WATERABST","TOT","M3CAP","A","2013",475.8094,
"KOR","WATERABST","TOT","M3CAP","A","2014",498.1586,
"LUX","WATERABST","TOT","MLN_M3","A","1970",34.8,
"LUX","WATERABST","TOT","MLN_M3","A","1975",42.47,
"LUX","WATERABST","TOT","MLN_M3","A","1980",39.74,
"LUX","WATERABST","TOT","MLN_M3","A","1985",67,
"LUX","WATERABST","TOT","MLN_M3","A","1989",59,
"LUX","WATERABST","TOT","MLN_M3","A","1995",56.5,
"LUX","WATERABST","TOT","MLN_M3","A","1999",60.29,
"LUX","WATERABST","TOT","MLN_M3","A","2009",47,
"LUX","WATERABST","TOT","MLN_M3","A","2010",47,"B"
"LUX","WATERABST","TOT","MLN_M3","A","2011",46,
"LUX","WATERABST","TOT","MLN_M3","A","2012",45,
"LUX","WATERABST","TOT","MLN_M3","A","2013",43,
"LUX","WATERABST","TOT","MLN_M3","A","2014",45.95,
"LUX","WATERABST","TOT","MLN_M3","A","2015",44.85,
"LUX","WATERABST","TOT","MLN_M3","A","2016",44.4,
"LUX","WATERABST","TOT","M3CAP","A","1970",102.6034,
"LUX","WATERABST","TOT","M3CAP","A","1975",118.3173,
"LUX","WATERABST","TOT","M3CAP","A","1980",109.1309,
"LUX","WATERABST","TOT","M3CAP","A","1985",182.7077,
"LUX","WATERABST","TOT","M3CAP","A","1989",156.4572,
"LUX","WATERABST","TOT","M3CAP","A","1995",138.2686,
"LUX","WATERABST","TOT","M3CAP","A","1999",140.0546,
"LUX","WATERABST","TOT","M3CAP","A","2009",95.2381,
"LUX","WATERABST","TOT","M3CAP","A","2010",93.60685,
"LUX","WATERABST","TOT","M3CAP","A","2011",89.87886,
"LUX","WATERABST","TOT","M3CAP","A","2012",85.73061,
"LUX","WATERABST","TOT","M3CAP","A","2013",80.07449,
"LUX","WATERABST","TOT","M3CAP","A","2014",83.59105,
"LUX","WATERABST","TOT","M3CAP","A","2015",79.70599,
"MEX","WATERABST","TOT","MLN_M3","A","1975",54200,
"MEX","WATERABST","TOT","MLN_M3","A","1980",56003,
"MEX","WATERABST","TOT","MLN_M3","A","1994",73641,
"MEX","WATERABST","TOT","MLN_M3","A","1995",73672,
"MEX","WATERABST","TOT","MLN_M3","A","1997",70518,
"MEX","WATERABST","TOT","MLN_M3","A","1998",79355,
"MEX","WATERABST","TOT","MLN_M3","A","1999",78593,
"MEX","WATERABST","TOT","MLN_M3","A","2000",70427.68014,
"MEX","WATERABST","TOT","MLN_M3","A","2001",68829.6483,"B"
"MEX","WATERABST","TOT","MLN_M3","A","2002",72650.7844,
"MEX","WATERABST","TOT","MLN_M3","A","2003",74687.3449,
"MEX","WATERABST","TOT","MLN_M3","A","2004",75433.17811,
"MEX","WATERABST","TOT","MLN_M3","A","2005",76508.42557,
"MEX","WATERABST","TOT","MLN_M3","A","2006",77322.0448,
"MEX","WATERABST","TOT","MLN_M3","A","2007",78949.56185,
"MEX","WATERABST","TOT","MLN_M3","A","2008",79752.28044,
"MEX","WATERABST","TOT","MLN_M3","A","2009",80587.00373,
"MEX","WATERABST","TOT","MLN_M3","A","2010",80213.44983,
"MEX","WATERABST","TOT","MLN_M3","A","2011",81588.14483,
"MEX","WATERABST","TOT","MLN_M3","A","2012",82733.71457,
"MEX","WATERABST","TOT","MLN_M3","A","2013",81651.19226,
"MEX","WATERABST","TOT","MLN_M3","A","2014",84928.80413,
"MEX","WATERABST","TOT","MLN_M3","A","2015",85664.2472,
"MEX","WATERABST","TOT","MLN_M3","A","2016",86576.75313,
"MEX","WATERABST","TOT","M3CAP","A","1975",890.3871,
"MEX","WATERABST","TOT","M3CAP","A","1980",807.4149,
"MEX","WATERABST","TOT","M3CAP","A","1994",797.4194,
"MEX","WATERABST","TOT","M3CAP","A","1995",783.3649,
"MEX","WATERABST","TOT","M3CAP","A","1997",724.8842,
"MEX","WATERABST","TOT","M3CAP","A","1998",803.0139,
"MEX","WATERABST","TOT","M3CAP","A","1999",783.5748,
"MEX","WATERABST","TOT","M3CAP","A","2000",692.3703,
"MEX","WATERABST","TOT","M3CAP","A","2001",667.8141,
"MEX","WATERABST","TOT","M3CAP","A","2002",696.1848,
"MEX","WATERABST","TOT","M3CAP","A","2003",706.9957,
"MEX","WATERABST","TOT","M3CAP","A","2004",705.0121,
"MEX","WATERABST","TOT","M3CAP","A","2005",705.3273,
"MEX","WATERABST","TOT","M3CAP","A","2006",702.3379,
"MEX","WATERABST","TOT","M3CAP","A","2007",705.9384,
"MEX","WATERABST","TOT","M3CAP","A","2008",701.6629,
"MEX","WATERABST","TOT","M3CAP","A","2009",697.6914,
"MEX","WATERABST","TOT","M3CAP","A","2010",683.7213,
"MEX","WATERABST","TOT","M3CAP","A","2011",685.0964,
"MEX","WATERABST","TOT","M3CAP","A","2012",684.7213,
"MEX","WATERABST","TOT","M3CAP","A","2013",666.3447,
"MEX","WATERABST","TOT","M3CAP","A","2014",683.6879,
"MEX","WATERABST","TOT","M3CAP","A","2015",680.4639,
"MEX","WATERABST","TOT","M3CAP","A","2016",678.8182,
"NLD","WATERABST","TOT","MLN_M3","A","1972",11944,
"NLD","WATERABST","TOT","MLN_M3","A","1976",13083,
"NLD","WATERABST","TOT","MLN_M3","A","1981",9198,
"NLD","WATERABST","TOT","MLN_M3","A","1986",9349,
"NLD","WATERABST","TOT","MLN_M3","A","1991",7984,
"NLD","WATERABST","TOT","MLN_M3","A","1996",6507,
"NLD","WATERABST","TOT","MLN_M3","A","2001",8914.7002,
"NLD","WATERABST","TOT","MLN_M3","A","2003",10422,
"NLD","WATERABST","TOT","MLN_M3","A","2004",11600.44098,
"NLD","WATERABST","TOT","MLN_M3","A","2005",11546,
"NLD","WATERABST","TOT","MLN_M3","A","2006",11054,
"NLD","WATERABST","TOT","MLN_M3","A","2007",10950,
"NLD","WATERABST","TOT","MLN_M3","A","2008",10709,
"NLD","WATERABST","TOT","MLN_M3","A","2009",11398,
"NLD","WATERABST","TOT","MLN_M3","A","2010",10990,
"NLD","WATERABST","TOT","MLN_M3","A","2011",10242,
"NLD","WATERABST","TOT","MLN_M3","A","2012",10783,
"NLD","WATERABST","TOT","MLN_M3","A","2013",10706,
"NLD","WATERABST","TOT","MLN_M3","A","2014",9481,
"NLD","WATERABST","TOT","M3CAP","A","1972",898.5942,
"NLD","WATERABST","TOT","M3CAP","A","1976",948.517,
"NLD","WATERABST","TOT","M3CAP","A","1981",646.6643,
"NLD","WATERABST","TOT","M3CAP","A","1986",640.5287,
"NLD","WATERABST","TOT","M3CAP","A","1991",529.9871,
"NLD","WATERABST","TOT","M3CAP","A","1996",418.1002,
"NLD","WATERABST","TOT","M3CAP","A","2001",556.5387,
"NLD","WATERABST","TOT","M3CAP","A","2003",643.2955,
"NLD","WATERABST","TOT","M3CAP","A","2004",712.2436,
"NLD","WATERABST","TOT","M3CAP","A","2005",705.4371,
"NLD","WATERABST","TOT","M3CAP","A","2006",672.3753,
"NLD","WATERABST","TOT","M3CAP","A","2007",663.3527,
"NLD","WATERABST","TOT","M3CAP","A","2008",646.3378,
"NLD","WATERABST","TOT","M3CAP","A","2009",685.5146,
"NLD","WATERABST","TOT","M3CAP","A","2010",658.7576,
"NLD","WATERABST","TOT","M3CAP","A","2011",611.9376,
"NLD","WATERABST","TOT","M3CAP","A","2012",642.2621,
"NLD","WATERABST","TOT","M3CAP","A","2013",635.7596,
"NLD","WATERABST","TOT","M3CAP","A","2014",561.4187,
"NZL","WATERABST","TOT","MLN_M3","A","1999",3139.59991,
"NZL","WATERABST","TOT","MLN_M3","A","2006",4907.69995,
"NZL","WATERABST","TOT","MLN_M3","A","2010",5200.5,
"NZL","WATERABST","TOT","MLN_M3","A","2014",9874.35,"B"
"NZL","WATERABST","TOT","M3CAP","A","1999",822.2871,
"NZL","WATERABST","TOT","M3CAP","A","2006",1172.431,
"NZL","WATERABST","TOT","M3CAP","A","2010",1190.029,
"NZL","WATERABST","TOT","M3CAP","A","2014",2162.25,
"NOR","WATERABST","TOT","MLN_M3","A","1975",2380,
"NOR","WATERABST","TOT","MLN_M3","A","1985",2025,
"NOR","WATERABST","TOT","MLN_M3","A","1996",2420,"B"
"NOR","WATERABST","TOT","MLN_M3","A","1999",2348,
"NOR","WATERABST","TOT","MLN_M3","A","2003",2476,
"NOR","WATERABST","TOT","MLN_M3","A","2005",2864,
"NOR","WATERABST","TOT","MLN_M3","A","2006",2939,
"NOR","WATERABST","TOT","MLN_M3","A","2007",3026,
"NOR","WATERABST","TOT","M3CAP","A","1975",593.8078,
"NOR","WATERABST","TOT","M3CAP","A","1985",487.587,
"NOR","WATERABST","TOT","M3CAP","A","1996",550.8502,
"NOR","WATERABST","TOT","M3CAP","A","1999",524.8096,
"NOR","WATERABST","TOT","M3CAP","A","2003",541.7817,
"NOR","WATERABST","TOT","M3CAP","A","2005",618.2589,
"NOR","WATERABST","TOT","M3CAP","A","2006",628.9228,
"NOR","WATERABST","TOT","M3CAP","A","2007",641.1495,
"POL","WATERABST","TOT","MLN_M3","A","1970",10113.2002,
"POL","WATERABST","TOT","MLN_M3","A","1975",12712.5,
"POL","WATERABST","TOT","MLN_M3","A","1980",15130.5,
"POL","WATERABST","TOT","MLN_M3","A","1985",16408.49951,
"POL","WATERABST","TOT","MLN_M3","A","1989",16050.8999,
"POL","WATERABST","TOT","MLN_M3","A","1990",15164.40015,
"POL","WATERABST","TOT","MLN_M3","A","1991",14042.47998,
"POL","WATERABST","TOT","MLN_M3","A","1992",13393.79956,
"POL","WATERABST","TOT","MLN_M3","A","1993",13067.44043,
"POL","WATERABST","TOT","MLN_M3","A","1994",12891.00024,
"POL","WATERABST","TOT","MLN_M3","A","1995",12924.19995,
"POL","WATERABST","TOT","MLN_M3","A","1996",12892.29956,
"POL","WATERABST","TOT","MLN_M3","A","1997",12798.8999,
"POL","WATERABST","TOT","MLN_M3","A","1998",12245.40015,
"POL","WATERABST","TOT","MLN_M3","A","1999",12245.49951,
"POL","WATERABST","TOT","MLN_M3","A","2000",11993.79956,
"POL","WATERABST","TOT","MLN_M3","A","2001",11598.69971,
"POL","WATERABST","TOT","MLN_M3","A","2002",11728.2002,
"POL","WATERABST","TOT","MLN_M3","A","2003",11547.72046,
"POL","WATERABST","TOT","MLN_M3","A","2004",11476.59033,
"POL","WATERABST","TOT","MLN_M3","A","2005",11521,
"POL","WATERABST","TOT","MLN_M3","A","2006",12407,"E"
"POL","WATERABST","TOT","MLN_M3","A","2007",12027,
"POL","WATERABST","TOT","MLN_M3","A","2008",11365,
"POL","WATERABST","TOT","MLN_M3","A","2009",11517,
"POL","WATERABST","TOT","MLN_M3","A","2010",11645,
"POL","WATERABST","TOT","MLN_M3","A","2011",11911,
"POL","WATERABST","TOT","MLN_M3","A","2012",11478,
"POL","WATERABST","TOT","MLN_M3","A","2013",11242,
"POL","WATERABST","TOT","MLN_M3","A","2014",11308.5,
"POL","WATERABST","TOT","MLN_M3","A","2015",11093.5,
"POL","WATERABST","TOT","MLN_M3","A","2016",11153,
"POL","WATERABST","TOT","M3CAP","A","1970",309.8829,
"POL","WATERABST","TOT","M3CAP","A","1975",374.265,
"POL","WATERABST","TOT","M3CAP","A","1980",425.7902,
"POL","WATERABST","TOT","M3CAP","A","1985",441.9355,
"POL","WATERABST","TOT","M3CAP","A","1989",424.3237,
"POL","WATERABST","TOT","M3CAP","A","1990",399.541,
"POL","WATERABST","TOT","M3CAP","A","1991",368.7896,
"POL","WATERABST","TOT","M3CAP","A","1992",350.6985,
"POL","WATERABST","TOT","M3CAP","A","1993",341.2268,
"POL","WATERABST","TOT","M3CAP","A","1994",335.8473,
"POL","WATERABST","TOT","M3CAP","A","1995",336.107,
"POL","WATERABST","TOT","M3CAP","A","1996",334.8336,
"POL","WATERABST","TOT","M3CAP","A","1997",332.1049,
"POL","WATERABST","TOT","M3CAP","A","1998",317.5835,
"POL","WATERABST","TOT","M3CAP","A","1999",317.5561,
"POL","WATERABST","TOT","M3CAP","A","2000",311.1192,
"POL","WATERABST","TOT","M3CAP","A","2001",301.0772,
"POL","WATERABST","TOT","M3CAP","A","2002",304.7515,
"POL","WATERABST","TOT","M3CAP","A","2003",300.4182,
"POL","WATERABST","TOT","M3CAP","A","2004",298.9001,
"POL","WATERABST","TOT","M3CAP","A","2005",300.318,
"POL","WATERABST","TOT","M3CAP","A","2006",323.5959,
"POL","WATERABST","TOT","M3CAP","A","2007",313.7785,
"POL","WATERABST","TOT","M3CAP","A","2008",296.5374,
"POL","WATERABST","TOT","M3CAP","A","2009",300.5098,
"POL","WATERABST","TOT","M3CAP","A","2010",303.8613,
"POL","WATERABST","TOT","M3CAP","A","2011",310.8222,
"POL","WATERABST","TOT","M3CAP","A","2012",299.5506,
"POL","WATERABST","TOT","M3CAP","A","2013",293.4524,
"POL","WATERABST","TOT","M3CAP","A","2014",295.3146,
"POL","WATERABST","TOT","M3CAP","A","2015",289.9107,
"POL","WATERABST","TOT","M3CAP","A","2016",291.7769,
"PRT","WATERABST","TOT","MLN_M3","A","1980",10500,
"PRT","WATERABST","TOT","MLN_M3","A","1985",2003,
"PRT","WATERABST","TOT","MLN_M3","A","1989",7288,"E"
"PRT","WATERABST","TOT","MLN_M3","A","1998",11090,
"PRT","WATERABST","TOT","MLN_M3","A","2007",9151,
"PRT","WATERABST","TOT","M3CAP","A","1980",1070.899,
"PRT","WATERABST","TOT","M3CAP","A","1985",200.5893,
"PRT","WATERABST","TOT","M3CAP","A","1989",732.5673,
"PRT","WATERABST","TOT","M3CAP","A","1998",1079.604,
"PRT","WATERABST","TOT","M3CAP","A","2007",860.8558,
"SVK","WATERABST","TOT","MLN_M3","A","1970",1484,
"SVK","WATERABST","TOT","MLN_M3","A","1975",1949,
"SVK","WATERABST","TOT","MLN_M3","A","1980",2232,
"SVK","WATERABST","TOT","MLN_M3","A","1985",2061,
"SVK","WATERABST","TOT","MLN_M3","A","1989",2096,
"SVK","WATERABST","TOT","MLN_M3","A","1990",2116,
"SVK","WATERABST","TOT","MLN_M3","A","1991",1732,
"SVK","WATERABST","TOT","MLN_M3","A","1992",1665,
"SVK","WATERABST","TOT","MLN_M3","A","1993",1584,
"SVK","WATERABST","TOT","MLN_M3","A","1994",1406,
"SVK","WATERABST","TOT","MLN_M3","A","1995",1386,
"SVK","WATERABST","TOT","MLN_M3","A","1996",1371,
"SVK","WATERABST","TOT","MLN_M3","A","1997",1310,
"SVK","WATERABST","TOT","MLN_M3","A","1998",1225,
"SVK","WATERABST","TOT","MLN_M3","A","1999",1162.59998,
"SVK","WATERABST","TOT","MLN_M3","A","2000",1171.45996,
"SVK","WATERABST","TOT","MLN_M3","A","2001",1138.51999,
"SVK","WATERABST","TOT","MLN_M3","A","2002",1094.38,
"SVK","WATERABST","TOT","MLN_M3","A","2003",1040.63,
"SVK","WATERABST","TOT","MLN_M3","A","2005",907,
"SVK","WATERABST","TOT","MLN_M3","A","2006",763,"E"
"SVK","WATERABST","TOT","MLN_M3","A","2007",688,
"SVK","WATERABST","TOT","MLN_M3","A","2008",664,"E"
"SVK","WATERABST","TOT","MLN_M3","A","2009",628,
"SVK","WATERABST","TOT","MLN_M3","A","2010",601,"E"
"SVK","WATERABST","TOT","MLN_M3","A","2011",593,"E"
"SVK","WATERABST","TOT","MLN_M3","A","2012",665,
"SVK","WATERABST","TOT","MLN_M3","A","2013",637,
"SVK","WATERABST","TOT","MLN_M3","A","2014",559.08,
"SVK","WATERABST","TOT","MLN_M3","A","2015",573.78998,
"SVK","WATERABST","TOT","MLN_M3","A","2016",554.7,
"SVK","WATERABST","TOT","M3CAP","A","1970",326.9557,
"SVK","WATERABST","TOT","M3CAP","A","1975",410.0965,
"SVK","WATERABST","TOT","M3CAP","A","1980",446.692,
"SVK","WATERABST","TOT","M3CAP","A","1985",398.8931,
"SVK","WATERABST","TOT","M3CAP","A","1989",397.9643,
"SVK","WATERABST","TOT","M3CAP","A","1990",400.1169,
"SVK","WATERABST","TOT","M3CAP","A","1991",326.224,
"SVK","WATERABST","TOT","M3CAP","A","1992",312.4394,
"SVK","WATERABST","TOT","M3CAP","A","1993",296.229,
"SVK","WATERABST","TOT","M3CAP","A","1994",262.1718,
"SVK","WATERABST","TOT","M3CAP","A","1995",257.8379,
"SVK","WATERABST","TOT","M3CAP","A","1996",254.6061,
"SVK","WATERABST","TOT","M3CAP","A","1997",242.9884,
"SVK","WATERABST","TOT","M3CAP","A","1998",227.0514,
"SVK","WATERABST","TOT","M3CAP","A","1999",215.3877,
"SVK","WATERABST","TOT","M3CAP","A","2000",216.9687,
"SVK","WATERABST","TOT","M3CAP","A","2001",210.8368,
"SVK","WATERABST","TOT","M3CAP","A","2002",202.6572,
"SVK","WATERABST","TOT","M3CAP","A","2003",192.7133,
"SVK","WATERABST","TOT","M3CAP","A","2005",167.9952,
"SVK","WATERABST","TOT","M3CAP","A","2006",141.3345,
"SVK","WATERABST","TOT","M3CAP","A","2007",127.4469,
"SVK","WATERABST","TOT","M3CAP","A","2008",122.989,
"SVK","WATERABST","TOT","M3CAP","A","2009",116.2808,
"SVK","WATERABST","TOT","M3CAP","A","2010",111.2079,
"SVK","WATERABST","TOT","M3CAP","A","2011",109.6149,
"SVK","WATERABST","TOT","M3CAP","A","2012",122.7601,
"SVK","WATERABST","TOT","M3CAP","A","2013",117.4165,
"SVK","WATERABST","TOT","M3CAP","A","2014",102.9075,
"SVK","WATERABST","TOT","M3CAP","A","2015",105.4893,
"SVK","WATERABST","TOT","M3CAP","A","2016",101.8879,
"ESP","WATERABST","TOT","MLN_M3","A","1970",24600,"E"
"ESP","WATERABST","TOT","MLN_M3","A","1975",36080,"E"
"ESP","WATERABST","TOT","MLN_M3","A","1980",39920,"E"
"ESP","WATERABST","TOT","MLN_M3","A","1985",46250,"E"
"ESP","WATERABST","TOT","MLN_M3","A","1989",45845,"E"
"ESP","WATERABST","TOT","MLN_M3","A","1991",36900,"E"
"ESP","WATERABST","TOT","MLN_M3","A","1993",30750,"E"
"ESP","WATERABST","TOT","MLN_M3","A","1995",33288,"E"
"ESP","WATERABST","TOT","MLN_M3","A","1997",34602.52002,"E"
"ESP","WATERABST","TOT","MLN_M3","A","1998",36838.56934,"E"
"ESP","WATERABST","TOT","MLN_M3","A","1999",38280.89111,"E"
"ESP","WATERABST","TOT","MLN_M3","A","2000",36525.30078,"E"
"ESP","WATERABST","TOT","MLN_M3","A","2001",36107.5,"E"
"ESP","WATERABST","TOT","MLN_M3","A","2002",35939.6001,"E"
"ESP","WATERABST","TOT","MLN_M3","A","2003",36598.19922,"E"
"ESP","WATERABST","TOT","MLN_M3","A","2004",36079.90088,"E"
"ESP","WATERABST","TOT","MLN_M3","A","2005",38029,"E"
"ESP","WATERABST","TOT","MLN_M3","A","2006",36328,"E"
"ESP","WATERABST","TOT","MLN_M3","A","2007",35573,"E"
"ESP","WATERABST","TOT","MLN_M3","A","2008",35373,"E"
"ESP","WATERABST","TOT","MLN_M3","A","2009",36122,"E"
"ESP","WATERABST","TOT","MLN_M3","A","2010",35224,"E"
"ESP","WATERABST","TOT","MLN_M3","A","2011",34993,
"ESP","WATERABST","TOT","MLN_M3","A","2012",34239,
"ESP","WATERABST","TOT","MLN_M3","A","2013",32279,
"ESP","WATERABST","TOT","MLN_M3","A","2014",32855,
"ESP","WATERABST","TOT","M3CAP","A","1970",727.4979,
"ESP","WATERABST","TOT","M3CAP","A","1975",1015.459,
"ESP","WATERABST","TOT","M3CAP","A","1980",1066.267,
"ESP","WATERABST","TOT","M3CAP","A","1985",1202.329,
"ESP","WATERABST","TOT","M3CAP","A","1989",1180.922,
"ESP","WATERABST","TOT","M3CAP","A","1991",947.5723,
"ESP","WATERABST","TOT","M3CAP","A","1993",781.3279,
"ESP","WATERABST","TOT","M3CAP","A","1995",838.0898,
"ESP","WATERABST","TOT","M3CAP","A","1997",863.9837,
"ESP","WATERABST","TOT","M3CAP","A","1998",916.0617,
"ESP","WATERABST","TOT","M3CAP","A","1999",948.2587,
"ESP","WATERABST","TOT","M3CAP","A","2000",900.6497,
"ESP","WATERABST","TOT","M3CAP","A","2001",885.7247,
"ESP","WATERABST","TOT","M3CAP","A","2002",867.6134,
"ESP","WATERABST","TOT","M3CAP","A","2003",867.3334,
"ESP","WATERABST","TOT","M3CAP","A","2004",841.8245,
"ESP","WATERABST","TOT","M3CAP","A","2005",870.9741,
"ESP","WATERABST","TOT","M3CAP","A","2006",818.9264,
"ESP","WATERABST","TOT","M3CAP","A","2007",786.387,
"ESP","WATERABST","TOT","M3CAP","A","2008",769.2597,
"ESP","WATERABST","TOT","M3CAP","A","2009",779.0362,
"ESP","WATERABST","TOT","M3CAP","A","2010",764.7789,
"ESP","WATERABST","TOT","M3CAP","A","2011",774.7731,
"ESP","WATERABST","TOT","M3CAP","A","2012",798.629,
"ESP","WATERABST","TOT","M3CAP","A","2013",694.2262,
"ESP","WATERABST","TOT","M3CAP","A","2014",708.4275,
"SWE","WATERABST","TOT","MLN_M3","A","1970",4073,
"SWE","WATERABST","TOT","MLN_M3","A","1975",4135,
"SWE","WATERABST","TOT","MLN_M3","A","1976",4106,
"SWE","WATERABST","TOT","MLN_M3","A","1985",2970,
"SWE","WATERABST","TOT","MLN_M3","A","1989",2973,
"SWE","WATERABST","TOT","MLN_M3","A","1990",2968,
"SWE","WATERABST","TOT","MLN_M3","A","1991",2970,
"SWE","WATERABST","TOT","MLN_M3","A","1992",2973,
"SWE","WATERABST","TOT","MLN_M3","A","1993",2957,
"SWE","WATERABST","TOT","MLN_M3","A","1994",2961,
"SWE","WATERABST","TOT","MLN_M3","A","1995",2725,
"SWE","WATERABST","TOT","MLN_M3","A","1996",2725,
"SWE","WATERABST","TOT","MLN_M3","A","1997",2711,
"SWE","WATERABST","TOT","MLN_M3","A","1998",2711,
"SWE","WATERABST","TOT","MLN_M3","A","1999",2711,
"SWE","WATERABST","TOT","MLN_M3","A","2000",2688,
"SWE","WATERABST","TOT","MLN_M3","A","2001",2676,
"SWE","WATERABST","TOT","MLN_M3","A","2002",2676,
"SWE","WATERABST","TOT","MLN_M3","A","2003",2676,
"SWE","WATERABST","TOT","MLN_M3","A","2004",2676,
"SWE","WATERABST","TOT","MLN_M3","A","2005",2423,
"SWE","WATERABST","TOT","MLN_M3","A","2006",2423,
"SWE","WATERABST","TOT","MLN_M3","A","2007",2423,
"SWE","WATERABST","TOT","MLN_M3","A","2010",2690,
"SWE","WATERABST","TOT","M3CAP","A","1970",505.6539,
"SWE","WATERABST","TOT","M3CAP","A","1975",504.4319,
"SWE","WATERABST","TOT","M3CAP","A","1976",499.316,
"SWE","WATERABST","TOT","M3CAP","A","1985",355.3629,
"SWE","WATERABST","TOT","M3CAP","A","1989",349.1811,
"SWE","WATERABST","TOT","M3CAP","A","1990",346.4301,
"SWE","WATERABST","TOT","M3CAP","A","1991",344.3424,
"SWE","WATERABST","TOT","M3CAP","A","1992",342.2458,
"SWE","WATERABST","TOT","M3CAP","A","1993",338.0674,
"SWE","WATERABST","TOT","M3CAP","A","1994",336.5448,
"SWE","WATERABST","TOT","M3CAP","A","1995",308.3828,
"SWE","WATERABST","TOT","M3CAP","A","1996",307.5901,
"SWE","WATERABST","TOT","M3CAP","A","1997",305.6765,
"SWE","WATERABST","TOT","M3CAP","A","1998",305.6078,
"SWE","WATERABST","TOT","M3CAP","A","1999",305.5302,
"SWE","WATERABST","TOT","M3CAP","A","2000",302.6468,
"SWE","WATERABST","TOT","M3CAP","A","2001",300.7487,
"SWE","WATERABST","TOT","M3CAP","A","2002",299.9767,
"SWE","WATERABST","TOT","M3CAP","A","2003",298.9469,
"SWE","WATERABST","TOT","M3CAP","A","2004",297.6429,
"SWE","WATERABST","TOT","M3CAP","A","2005",268.0718,
"SWE","WATERABST","TOT","M3CAP","A","2006",266.3731,
"SWE","WATERABST","TOT","M3CAP","A","2007",264.426,
"SWE","WATERABST","TOT","M3CAP","A","2010",286.4698,
"CHE","WATERABST","TOT","MLN_M3","A","1985",2646,
"CHE","WATERABST","TOT","MLN_M3","A","1989",2670,
"CHE","WATERABST","TOT","MLN_M3","A","1991",2696,
"CHE","WATERABST","TOT","MLN_M3","A","1992",2695,
"CHE","WATERABST","TOT","MLN_M3","A","1993",2569,
"CHE","WATERABST","TOT","MLN_M3","A","1994",2595,
"CHE","WATERABST","TOT","MLN_M3","A","1996",2554.8999,
"CHE","WATERABST","TOT","MLN_M3","A","1997",2558.5,
"CHE","WATERABST","TOT","MLN_M3","A","1998",2565.80005,
"CHE","WATERABST","TOT","MLN_M3","A","1999",2560.19995,
"CHE","WATERABST","TOT","MLN_M3","A","2001",2539,
"CHE","WATERABST","TOT","MLN_M3","A","2002",2518,
"CHE","WATERABST","TOT","MLN_M3","A","2003",2588,
"CHE","WATERABST","TOT","MLN_M3","A","2004",2532,
"CHE","WATERABST","TOT","MLN_M3","A","2012",2004.8,"E"
"CHE","WATERABST","TOT","M3CAP","A","1980",409.6902,
"CHE","WATERABST","TOT","M3CAP","A","1985",409.8371,
"CHE","WATERABST","TOT","M3CAP","A","1989",403.3748,
"CHE","WATERABST","TOT","M3CAP","A","1990",397.0339,
"CHE","WATERABST","TOT","M3CAP","A","1991",399.9366,
"CHE","WATERABST","TOT","M3CAP","A","1992",395.4294,
"CHE","WATERABST","TOT","M3CAP","A","1993",372.7726,
"CHE","WATERABST","TOT","M3CAP","A","1994",372.7772,
"CHE","WATERABST","TOT","M3CAP","A","1995",365.0922,
"CHE","WATERABST","TOT","M3CAP","A","1996",361.8237,
"CHE","WATERABST","TOT","M3CAP","A","1997",360.7705,
"CHE","WATERABST","TOT","M3CAP","A","1998",360.612,
"CHE","WATERABST","TOT","M3CAP","A","1999",358.6486,
"CHE","WATERABST","TOT","M3CAP","A","2000",356.8918,
"CHE","WATERABST","TOT","M3CAP","A","2001",352.5074,
"CHE","WATERABST","TOT","M3CAP","A","2002",347.6021,
"CHE","WATERABST","TOT","M3CAP","A","2003",354.9147,
"CHE","WATERABST","TOT","M3CAP","A","2004",344.6189,
"CHE","WATERABST","TOT","M3CAP","A","2005",337.093,
"CHE","WATERABST","TOT","M3CAP","A","2006",296.1009,
"CHE","WATERABST","TOT","M3CAP","A","2012",249.6118,
"TUR","WATERABST","TOT","MLN_M3","A","1970",11760,
"TUR","WATERABST","TOT","MLN_M3","A","1975",16041,
"TUR","WATERABST","TOT","MLN_M3","A","1980",16200,
"TUR","WATERABST","TOT","MLN_M3","A","1985",19400,"E"
"TUR","WATERABST","TOT","MLN_M3","A","1989",23750,"E"
"TUR","WATERABST","TOT","MLN_M3","A","1990",28073,"E"
"TUR","WATERABST","TOT","MLN_M3","A","1991",32200,"E"
"TUR","WATERABST","TOT","MLN_M3","A","1992",32800,"E"
"TUR","WATERABST","TOT","MLN_M3","A","1993",33500,"E"
"TUR","WATERABST","TOT","MLN_M3","A","1995",33482,"E"
"TUR","WATERABST","TOT","MLN_M3","A","1996",34078,"E"
"TUR","WATERABST","TOT","MLN_M3","A","1997",35552,"E"
"TUR","WATERABST","TOT","MLN_M3","A","1998",37490,"E"
"TUR","WATERABST","TOT","MLN_M3","A","1999",38900,"E"
"TUR","WATERABST","TOT","MLN_M3","A","2000",43650,
"TUR","WATERABST","TOT","MLN_M3","A","2001",44450,
"TUR","WATERABST","TOT","MLN_M3","A","2002",40016.19922,"E"
"TUR","WATERABST","TOT","MLN_M3","A","2003",40848.58984,"E"
"TUR","WATERABST","TOT","MLN_M3","A","2004",44902.64063,"E"
"TUR","WATERABST","TOT","MLN_M3","A","2005",44684,"E"
"TUR","WATERABST","TOT","MLN_M3","A","2006",43718,"E"
"TUR","WATERABST","TOT","MLN_M3","A","2007",39678,"E"
"TUR","WATERABST","TOT","MLN_M3","A","2008",42008,"B"
"TUR","WATERABST","TOT","MLN_M3","A","2009",45130,"E"
"TUR","WATERABST","TOT","MLN_M3","A","2010",46956,"E"
"TUR","WATERABST","TOT","MLN_M3","A","2012",50510,
"TUR","WATERABST","TOT","MLN_M3","A","2014",51970.94922,
"TUR","WATERABST","TOT","M3CAP","A","1970",337.1921,
"TUR","WATERABST","TOT","M3CAP","A","1975",408.4048,
"TUR","WATERABST","TOT","M3CAP","A","1980",368.3834,
"TUR","WATERABST","TOT","M3CAP","A","1985",394.8395,
"TUR","WATERABST","TOT","M3CAP","A","1989",448.1772,
"TUR","WATERABST","TOT","M3CAP","A","1990",520.6253,
"TUR","WATERABST","TOT","M3CAP","A","1991",587.157,
"TUR","WATERABST","TOT","M3CAP","A","1992",588.3527,
"TUR","WATERABST","TOT","M3CAP","A","1993",591.3115,
"TUR","WATERABST","TOT","M3CAP","A","1995",572.4752,
"TUR","WATERABST","TOT","M3CAP","A","1996",573.4797,
"TUR","WATERABST","TOT","M3CAP","A","1997",588.8774,
"TUR","WATERABST","TOT","M3CAP","A","1998",611.2873,
"TUR","WATERABST","TOT","M3CAP","A","1999",624.5251,
"TUR","WATERABST","TOT","M3CAP","A","2000",690.2264,
"TUR","WATERABST","TOT","M3CAP","A","2001",692.4596,
"TUR","WATERABST","TOT","M3CAP","A","2002",614.2819,
"TUR","WATERABST","TOT","M3CAP","A","2003",618.1144,
"TUR","WATERABST","TOT","M3CAP","A","2004",670.1101,
"TUR","WATERABST","TOT","M3CAP","A","2005",658.0524,
"TUR","WATERABST","TOT","M3CAP","A","2006",635.7742,
"TUR","WATERABST","TOT","M3CAP","A","2007",570.1085,
"TUR","WATERABST","TOT","M3CAP","A","2008",596.3654,
"TUR","WATERABST","TOT","M3CAP","A","2009",632.6116,
"TUR","WATERABST","TOT","M3CAP","A","2010",649.2189,
"TUR","WATERABST","TOT","M3CAP","A","2012",677.3513,
"TUR","WATERABST","TOT","M3CAP","A","2014",674.6791,
"USA","WATERABST","TOT","MLN_M3","A","1980",501484.5,"E"
"USA","WATERABST","TOT","MLN_M3","A","1985",464736.60156,
"USA","WATERABST","TOT","MLN_M3","A","1990",462249.89844,
"USA","WATERABST","TOT","MLN_M3","A","1995",466118.10156,"E"
"USA","WATERABST","TOT","MLN_M3","A","2000",482557.95313,
"USA","WATERABST","TOT","MLN_M3","A","2005",482972.39844,
"USA","WATERABST","TOT","MLN_M3","A","2010",489527.5592,
"USA","WATERABST","TOT","M3CAP","A","1980",2206.998,
"USA","WATERABST","TOT","M3CAP","A","1985",1953.3,
"USA","WATERABST","TOT","M3CAP","A","1990",1851.794,
"USA","WATERABST","TOT","M3CAP","A","1995",1750.492,
"USA","WATERABST","TOT","M3CAP","A","2000",1710.214,
"USA","WATERABST","TOT","M3CAP","A","2005",1634.333,
"USA","WATERABST","TOT","M3CAP","A","2010",1582.454,
"EST","WATERABST","TOT","MLN_M3","A","1990",3215,
"EST","WATERABST","TOT","MLN_M3","A","1995",1780,"B"
"EST","WATERABST","TOT","MLN_M3","A","2000",1470.96997,
"EST","WATERABST","TOT","MLN_M3","A","2001",1471.11996,
"EST","WATERABST","TOT","MLN_M3","A","2002",1413.16,
"EST","WATERABST","TOT","MLN_M3","A","2003",1703.70004,
"EST","WATERABST","TOT","MLN_M3","A","2004",1749.53003,"E"
"EST","WATERABST","TOT","MLN_M3","A","2005",1577.96005,"E"
"EST","WATERABST","TOT","MLN_M3","A","2006",1560.16,"E"
"EST","WATERABST","TOT","MLN_M3","A","2007",1834.25002,"E"
"EST","WATERABST","TOT","MLN_M3","A","2008",1605.31006,"E"
"EST","WATERABST","TOT","MLN_M3","A","2009",1388.01697,"E"
"EST","WATERABST","TOT","MLN_M3","A","2010",1842,
"EST","WATERABST","TOT","MLN_M3","A","2011",1873.87805,
"EST","WATERABST","TOT","MLN_M3","A","2012",1630.97107,
"EST","WATERABST","TOT","MLN_M3","A","2013",1747.811,
"EST","WATERABST","TOT","MLN_M3","A","2014",1724.05847,
"EST","WATERABST","TOT","MLN_M3","A","2015",1615.34265,
"EST","WATERABST","TOT","MLN_M3","A","2016",1756.2406,
"EST","WATERABST","TOT","M3CAP","A","1990",2053.996,
"EST","WATERABST","TOT","M3CAP","A","1995",1242.129,
"EST","WATERABST","TOT","M3CAP","A","2000",1051.36,
"EST","WATERABST","TOT","M3CAP","A","2001",1057.045,
"EST","WATERABST","TOT","M3CAP","A","2002",1022.006,
"EST","WATERABST","TOT","M3CAP","A","2003",1240.942,
"EST","WATERABST","TOT","M3CAP","A","2004",1283.056,
"EST","WATERABST","TOT","M3CAP","A","2005",1163.99,
"EST","WATERABST","TOT","M3CAP","A","2006",1156.276,
"EST","WATERABST","TOT","M3CAP","A","2007",1364.696,
"EST","WATERABST","TOT","M3CAP","A","2008",1198.25,
"EST","WATERABST","TOT","M3CAP","A","2009",1039.067,
"EST","WATERABST","TOT","M3CAP","A","2010",1382.777,
"EST","WATERABST","TOT","M3CAP","A","2011",1410.576,
"EST","WATERABST","TOT","M3CAP","A","2012",1230.983,
"EST","WATERABST","TOT","M3CAP","A","2013",1322.536,
"EST","WATERABST","TOT","M3CAP","A","2014",1307.731,
"EST","WATERABST","TOT","M3CAP","A","2015",1228.098,
"EST","WATERABST","TOT","M3CAP","A","2016",1338.147,
"ISR","WATERABST","TOT","MLN_M3","A","1990",1780,
"ISR","WATERABST","TOT","MLN_M3","A","1995",1812,
"ISR","WATERABST","TOT","MLN_M3","A","2000",1727,
"ISR","WATERABST","TOT","MLN_M3","A","2001",1609,
"ISR","WATERABST","TOT","MLN_M3","A","2002",1624,
"ISR","WATERABST","TOT","MLN_M3","A","2003",1682,
"ISR","WATERABST","TOT","MLN_M3","A","2004",1803,
"ISR","WATERABST","TOT","MLN_M3","A","2005",1728,
"ISR","WATERABST","TOT","MLN_M3","A","2006",1637,
"ISR","WATERABST","TOT","MLN_M3","A","2007",1689,
"ISR","WATERABST","TOT","MLN_M3","A","2008",1595,
"ISR","WATERABST","TOT","MLN_M3","A","2009",1313,
"ISR","WATERABST","TOT","MLN_M3","A","2010",1340,
"ISR","WATERABST","TOT","MLN_M3","A","2011",1266,
"ISR","WATERABST","TOT","MLN_M3","A","2012",1318,
"ISR","WATERABST","TOT","MLN_M3","A","2013",1296,
"ISR","WATERABST","TOT","MLN_M3","A","2014",1271,
"ISR","WATERABST","TOT","MLN_M3","A","2015",1145,
"ISR","WATERABST","TOT","M3CAP","A","1990",395.5138,
"ISR","WATERABST","TOT","M3CAP","A","1995",339.7254,
"ISR","WATERABST","TOT","M3CAP","A","2000",287.1756,
"ISR","WATERABST","TOT","M3CAP","A","2001",262.4998,
"ISR","WATERABST","TOT","M3CAP","A","2002",260.2862,
"ISR","WATERABST","TOT","M3CAP","A","2003",264.9019,
"ISR","WATERABST","TOT","M3CAP","A","2004",278.7213,
"ISR","WATERABST","TOT","M3CAP","A","2005",261.7004,
"ISR","WATERABST","TOT","M3CAP","A","2006",242.3314,
"ISR","WATERABST","TOT","M3CAP","A","2007",243.9805,
"ISR","WATERABST","TOT","M3CAP","A","2008",224.7299,
"ISR","WATERABST","TOT","M3CAP","A","2009",180.6575,
"ISR","WATERABST","TOT","M3CAP","A","2010",180.4481,
"ISR","WATERABST","TOT","M3CAP","A","2011",167.2662,
"ISR","WATERABST","TOT","M3CAP","A","2012",171.1887,
"ISR","WATERABST","TOT","M3CAP","A","2013",165.7055,
"ISR","WATERABST","TOT","M3CAP","A","2014",160.0488,
"ISR","WATERABST","TOT","M3CAP","A","2015",141.9795,
"SVN","WATERABST","TOT","MLN_M3","A","2002",899.16998,"B"
"SVN","WATERABST","TOT","MLN_M3","A","2003",848.20999,
"SVN","WATERABST","TOT","MLN_M3","A","2004",985.44998,
"SVN","WATERABST","TOT","MLN_M3","A","2005",923,
"SVN","WATERABST","TOT","MLN_M3","A","2006",908,
"SVN","WATERABST","TOT","MLN_M3","A","2007",935,
"SVN","WATERABST","TOT","MLN_M3","A","2008",1040,
"SVN","WATERABST","TOT","MLN_M3","A","2009",943,
"SVN","WATERABST","TOT","MLN_M3","A","2010",925,
"SVN","WATERABST","TOT","MLN_M3","A","2011",851,
"SVN","WATERABST","TOT","MLN_M3","A","2012",781.09998,
"SVN","WATERABST","TOT","MLN_M3","A","2013",892.5,
"SVN","WATERABST","TOT","MLN_M3","A","2014",977.37,
"SVN","WATERABST","TOT","MLN_M3","A","2015",895.09998,
"SVN","WATERABST","TOT","MLN_M3","A","2016",884.37,
"SVN","WATERABST","TOT","M3CAP","A","2002",452.2387,
"SVN","WATERABST","TOT","M3CAP","A","2003",426.458,
"SVN","WATERABST","TOT","M3CAP","A","2004",494.8454,
"SVN","WATERABST","TOT","M3CAP","A","2005",462.3598,
"SVN","WATERABST","TOT","M3CAP","A","2006",453.1411,
"SVN","WATERABST","TOT","M3CAP","A","2007",464.3566,
"SVN","WATERABST","TOT","M3CAP","A","2008",513.6974,
"SVN","WATERABST","TOT","M3CAP","A","2009",463.2942,
"SVN","WATERABST","TOT","M3CAP","A","2010",452.2856,
"SVN","WATERABST","TOT","M3CAP","A","2011",414.4273,
"SVN","WATERABST","TOT","M3CAP","A","2012",379.103,
"SVN","WATERABST","TOT","M3CAP","A","2013",432.4533,
"SVN","WATERABST","TOT","M3CAP","A","2014",472.044,
"SVN","WATERABST","TOT","M3CAP","A","2015",431.4175,
"SVN","WATERABST","TOT","M3CAP","A","2016",425.6154,
"OECD","WATERABST","TOT","M3CAP","A","1970",1050.802,"E"
"OECD","WATERABST","TOT","M3CAP","A","1971",1045.021,"E"
"OECD","WATERABST","TOT","M3CAP","A","1972",1039.613,"E"
"OECD","WATERABST","TOT","M3CAP","A","1973",1036.36,"E"
"OECD","WATERABST","TOT","M3CAP","A","1974",1033.887,"E"
"OECD","WATERABST","TOT","M3CAP","A","1975",1032.34,"E"
"OECD","WATERABST","TOT","M3CAP","A","1976",1028.417,"E"
"OECD","WATERABST","TOT","M3CAP","A","1977",1023.764,"E"
"OECD","WATERABST","TOT","M3CAP","A","1978",1020.095,"E"
"OECD","WATERABST","TOT","M3CAP","A","1979",1017.003,"E"
"OECD","WATERABST","TOT","M3CAP","A","1980",1014.152,"E"
"OECD","WATERABST","TOT","M3CAP","A","1981",997.6047,"E"
"OECD","WATERABST","TOT","M3CAP","A","1982",987.991,"E"
"OECD","WATERABST","TOT","M3CAP","A","1983",975.2674,"E"
"OECD","WATERABST","TOT","M3CAP","A","1984",966.4997,"E"
"OECD","WATERABST","TOT","M3CAP","A","1985",957.3641,"E"
"OECD","WATERABST","TOT","M3CAP","A","1986",953.5053,"E"
"OECD","WATERABST","TOT","M3CAP","A","1987",951.7068,"E"
"OECD","WATERABST","TOT","M3CAP","A","1988",950.3296,"E"
"OECD","WATERABST","TOT","M3CAP","A","1989",947.4747,"E"
"OECD","WATERABST","TOT","M3CAP","A","1990",942.2864,"E"
"OECD","WATERABST","TOT","M3CAP","A","1991",938.6577,"E"
"OECD","WATERABST","TOT","M3CAP","A","1992",926.9602,"E"
"OECD","WATERABST","TOT","M3CAP","A","1993",916.9763,"E"
"OECD","WATERABST","TOT","M3CAP","A","1994",906.7602,"E"
"OECD","WATERABST","TOT","M3CAP","A","1995",908.1857,"E"
"OECD","WATERABST","TOT","M3CAP","A","1996",897.0916,"E"
"OECD","WATERABST","TOT","M3CAP","A","1997",891.8669,"E"
"OECD","WATERABST","TOT","M3CAP","A","1998",900.0699,"E"
"OECD","WATERABST","TOT","M3CAP","A","1999",895.9441,"E"
"OECD","WATERABST","TOT","M3CAP","A","2000",887.1677,"E"
"OECD","WATERABST","TOT","M3CAP","A","2001",881.0277,"E"
"OECD","WATERABST","TOT","M3CAP","A","2002",874.5363,"E"
"OECD","WATERABST","TOT","M3CAP","A","2003",873.5641,"E"
"OECD","WATERABST","TOT","M3CAP","A","2004",866.0244,"E"
"OECD","WATERABST","TOT","M3CAP","A","2005",856.6598,"E"
"OECD","WATERABST","TOT","M3CAP","A","2006",848.5878,"E"
"OECD","WATERABST","TOT","M3CAP","A","2007",837.9631,"E"
"OECD","WATERABST","TOT","M3CAP","A","2008",833.4166,"E"
"OECD","WATERABST","TOT","M3CAP","A","2009",831.2965,"E"
"OECD","WATERABST","TOT","M3CAP","A","2010",823.9243,"E"
"OECD","WATERABST","TOT","M3CAP","A","2011",818.3104,"E"
"OECD","WATERABST","TOT","M3CAP","A","2012",819.4921,"E"
"OECD","WATERABST","TOT","M3CAP","A","2013",815.3415,"E"
"OECD","WATERABST","TOT","M3CAP","A","2014",814.4874,"E"
"OECD","WATERABST","TOT","M3CAP","A","2015",809.1644,"E"
"OECD","WATERABST","TOT","M3CAP","A","2016",804.494,"E"
"BRA","WATERABST","TOT","MLN_M3","A","2001",47803,
"BRA","WATERABST","TOT","MLN_M3","A","2002",49857,
"BRA","WATERABST","TOT","MLN_M3","A","2003",51911,
"BRA","WATERABST","TOT","MLN_M3","A","2004",53965,
"BRA","WATERABST","TOT","MLN_M3","A","2005",56019,
"BRA","WATERABST","TOT","MLN_M3","A","2006",58080,
"BRA","WATERABST","TOT","MLN_M3","A","2007",62275,
"BRA","WATERABST","TOT","MLN_M3","A","2008",66470,
"BRA","WATERABST","TOT","MLN_M3","A","2009",70665,
"BRA","WATERABST","TOT","MLN_M3","A","2010",74900,
"BRA","WATERABST","TOT","MLN_M3","A","2011",79100,
"BRA","WATERABST","TOT","MLN_M3","A","2012",83300,
"BRA","WATERABST","TOT","M3CAP","A","2001",268.9329,
"BRA","WATERABST","TOT","M3CAP","A","2002",276.7512,
"BRA","WATERABST","TOT","M3CAP","A","2003",284.4716,
"BRA","WATERABST","TOT","M3CAP","A","2004",292.1157,
"BRA","WATERABST","TOT","M3CAP","A","2005",299.6993,
"BRA","WATERABST","TOT","M3CAP","A","2006",307.2814,
"BRA","WATERABST","TOT","M3CAP","A","2007",326.0016,
"BRA","WATERABST","TOT","M3CAP","A","2008",344.4416,
"BRA","WATERABST","TOT","M3CAP","A","2009",362.578,
"BRA","WATERABST","TOT","M3CAP","A","2010",380.5966,
"BRA","WATERABST","TOT","M3CAP","A","2011",398.1142,
"BRA","WATERABST","TOT","M3CAP","A","2012",415.335,
"CHN","WATERABST","TOT","MLN_M3","A","2001",554560,
"CHN","WATERABST","TOT","MLN_M3","A","2002",547680,
"CHN","WATERABST","TOT","MLN_M3","A","2003",530410,
"CHN","WATERABST","TOT","MLN_M3","A","2004",553060,
"CHN","WATERABST","TOT","MLN_M3","A","2005",561100,
"CHN","WATERABST","TOT","MLN_M3","A","2006",577220,
"CHN","WATERABST","TOT","MLN_M3","A","2007",579300,
"CHN","WATERABST","TOT","MLN_M3","A","2008",588120,
"CHN","WATERABST","TOT","MLN_M3","A","2009",593399,
"CHN","WATERABST","TOT","MLN_M3","A","2010",596890,
"CHN","WATERABST","TOT","MLN_M3","A","2011",605340,
"CHN","WATERABST","TOT","MLN_M3","A","2012",608660,
"CHN","WATERABST","TOT","M3CAP","A","2001",429.5792,
"CHN","WATERABST","TOT","M3CAP","A","2002",421.7314,
"CHN","WATERABST","TOT","M3CAP","A","2003",406.0263,
"CHN","WATERABST","TOT","M3CAP","A","2004",420.8956,
"CHN","WATERABST","TOT","M3CAP","A","2005",424.5536,
"CHN","WATERABST","TOT","M3CAP","A","2006",434.2582,
"CHN","WATERABST","TOT","M3CAP","A","2007",433.3481,
"CHN","WATERABST","TOT","M3CAP","A","2008",437.4541,
"CHN","WATERABST","TOT","M3CAP","A","2009",438.8825,
"CHN","WATERABST","TOT","M3CAP","A","2010",438.9688,
"CHN","WATERABST","TOT","M3CAP","A","2011",442.6682,
"CHN","WATERABST","TOT","M3CAP","A","2012",442.5979,
"COL","WATERABST","TOT","MLN_M3","A","2008",35877,
"COL","WATERABST","TOT","MLN_M3","A","2012",35987,
"COL","WATERABST","TOT","M3CAP","A","2008",799.0148,
"COL","WATERABST","TOT","M3CAP","A","2012",767.6166,
"LVA","WATERABST","TOT","MLN_M3","A","2000",285.365,
"LVA","WATERABST","TOT","MLN_M3","A","2001",257.60001,
"LVA","WATERABST","TOT","MLN_M3","A","2002",256.20001,
"LVA","WATERABST","TOT","MLN_M3","A","2003",254.39999,
"LVA","WATERABST","TOT","MLN_M3","A","2004",229.7,
"LVA","WATERABST","TOT","MLN_M3","A","2005",249.832,
"LVA","WATERABST","TOT","MLN_M3","A","2006",218.96,
"LVA","WATERABST","TOT","MLN_M3","A","2007",218.3,
"LVA","WATERABST","TOT","MLN_M3","A","2008",227.73309,
"LVA","WATERABST","TOT","MLN_M3","A","2009",394.814,
"LVA","WATERABST","TOT","MLN_M3","A","2010",275.162,
"LVA","WATERABST","TOT","MLN_M3","A","2011",369.276,
"LVA","WATERABST","TOT","MLN_M3","A","2012",260.111,
"LVA","WATERABST","TOT","MLN_M3","A","2013",205.807,
"LVA","WATERABST","TOT","MLN_M3","A","2014",168.318,
"LVA","WATERABST","TOT","MLN_M3","A","2015",176.62,
"LVA","WATERABST","TOT","MLN_M3","A","2016",224.394,
"LVA","WATERABST","TOT","M3CAP","A","2000",119.6919,
"LVA","WATERABST","TOT","M3CAP","A","2001",109.2138,
"LVA","WATERABST","TOT","M3CAP","A","2002",109.8396,
"LVA","WATERABST","TOT","M3CAP","A","2003",110.3317,
"LVA","WATERABST","TOT","M3CAP","A","2004",100.7962,
"LVA","WATERABST","TOT","M3CAP","A","2005",110.9387,
"LVA","WATERABST","TOT","M3CAP","A","2006",98.39913,
"LVA","WATERABST","TOT","M3CAP","A","2007",99.29416,
"LVA","WATERABST","TOT","M3CAP","A","2008",105.2751,
"LVA","WATERABST","TOT","M3CAP","A","2009",184.0359,
"LVA","WATERABST","TOT","M3CAP","A","2010",129.864,
"LVA","WATERABST","TOT","M3CAP","A","2011",176.4766,
"LVA","WATERABST","TOT","M3CAP","A","2012",125.878,
"LVA","WATERABST","TOT","M3CAP","A","2013",100.847,
"LVA","WATERABST","TOT","M3CAP","A","2014",83.48589,
"LVA","WATERABST","TOT","M3CAP","A","2015",88.63516,
"LVA","WATERABST","TOT","M3CAP","A","2016",113.8749,
"RUS","WATERABST","TOT","MLN_M3","A","1980",111297,
"RUS","WATERABST","TOT","MLN_M3","A","1981",111297,
"RUS","WATERABST","TOT","MLN_M3","A","1982",105531,
"RUS","WATERABST","TOT","MLN_M3","A","1983",99844,
"RUS","WATERABST","TOT","MLN_M3","A","1984",91093,
"RUS","WATERABST","TOT","MLN_M3","A","1985",91921,
"RUS","WATERABST","TOT","MLN_M3","A","1986",87367,
"RUS","WATERABST","TOT","MLN_M3","A","1987",84845,
"RUS","WATERABST","TOT","MLN_M3","A","1988",82973,
"RUS","WATERABST","TOT","MLN_M3","A","1989",82064,
"RUS","WATERABST","TOT","MLN_M3","A","1992",105531,
"RUS","WATERABST","TOT","MLN_M3","A","1993",99844,
"RUS","WATERABST","TOT","MLN_M3","A","1994",91093,
"RUS","WATERABST","TOT","MLN_M3","A","1995",91921,
"RUS","WATERABST","TOT","MLN_M3","A","1996",87367,
"RUS","WATERABST","TOT","MLN_M3","A","1997",84845,
"RUS","WATERABST","TOT","MLN_M3","A","1998",82973,
"RUS","WATERABST","TOT","MLN_M3","A","1999",82064,
"RUS","WATERABST","TOT","MLN_M3","A","2000",80784,
"RUS","WATERABST","TOT","MLN_M3","A","2001",78736,
"RUS","WATERABST","TOT","MLN_M3","A","2002",78411,
"RUS","WATERABST","TOT","MLN_M3","A","2003",76855,
"RUS","WATERABST","TOT","MLN_M3","A","2004",74209,
"RUS","WATERABST","TOT","MLN_M3","A","2005",74366,
"RUS","WATERABST","TOT","MLN_M3","A","2006",74305,
"RUS","WATERABST","TOT","MLN_M3","A","2007",74633,
"RUS","WATERABST","TOT","MLN_M3","A","2008",74354,
"RUS","WATERABST","TOT","MLN_M3","A","2009",69915,
"RUS","WATERABST","TOT","MLN_M3","A","2010",72685,
"RUS","WATERABST","TOT","MLN_M3","A","2011",68652,
"RUS","WATERABST","TOT","MLN_M3","A","2012",66296,
"RUS","WATERABST","TOT","MLN_M3","A","2013",65104,
"RUS","WATERABST","TOT","MLN_M3","A","2014",64807,
"RUS","WATERABST","TOT","MLN_M3","A","2015",62163,
"RUS","WATERABST","TOT","MLN_M3","A","2016",63000,
"OECDE","WATERABST","TOT","M3CAP","A","1970",525.2822,"E"
"OECDE","WATERABST","TOT","M3CAP","A","1971",532.6707,"E"
"OECDE","WATERABST","TOT","M3CAP","A","1972",540.7344,"E"
"OECDE","WATERABST","TOT","M3CAP","A","1973",550.1544,"E"
"OECDE","WATERABST","TOT","M3CAP","A","1974",560.4479,"E"
"OECDE","WATERABST","TOT","M3CAP","A","1975",571.7109,"E"
"OECDE","WATERABST","TOT","M3CAP","A","1976",577.1761,"E"
"OECDE","WATERABST","TOT","M3CAP","A","1977",580.2911,"E"
"OECDE","WATERABST","TOT","M3CAP","A","1978",583.7824,"E"
"OECDE","WATERABST","TOT","M3CAP","A","1979",587.8341,"E"
"OECDE","WATERABST","TOT","M3CAP","A","1980",591.8936,"E"
"OECDE","WATERABST","TOT","M3CAP","A","1981",578.6443,"E"
"OECDE","WATERABST","TOT","M3CAP","A","1982",580.5677,"E"
"OECDE","WATERABST","TOT","M3CAP","A","1983",575.149,"E"
"OECDE","WATERABST","TOT","M3CAP","A","1984",577.0061,"E"
"OECDE","WATERABST","TOT","M3CAP","A","1985",577.2292,"E"
"OECDE","WATERABST","TOT","M3CAP","A","1986",575.6385,"E"
"OECDE","WATERABST","TOT","M3CAP","A","1987",579.1577,"E"
"OECDE","WATERABST","TOT","M3CAP","A","1988",585.8143,"E"
"OECDE","WATERABST","TOT","M3CAP","A","1989",589.3234,"E"
"OECDE","WATERABST","TOT","M3CAP","A","1990",587.778,"E"
"OECDE","WATERABST","TOT","M3CAP","A","1991",585.3732,"E"
"OECDE","WATERABST","TOT","M3CAP","A","1992",565.9189,"E"
"OECDE","WATERABST","TOT","M3CAP","A","1993",549.9116,"E"
"OECDE","WATERABST","TOT","M3CAP","A","1994",533.131,"E"
"OECDE","WATERABST","TOT","M3CAP","A","1995",527.1743,"E"
"OECDE","WATERABST","TOT","M3CAP","A","1996",522.0923,"E"
"OECDE","WATERABST","TOT","M3CAP","A","1997",519.9786,"E"
"OECDE","WATERABST","TOT","M3CAP","A","1998",527.5172,"E"
"OECDE","WATERABST","TOT","M3CAP","A","1999",533.1258,"E"
"OECDE","WATERABST","TOT","M3CAP","A","2000",541.1745,"E"
"OECDE","WATERABST","TOT","M3CAP","A","2001",537.916,"E"
"OECDE","WATERABST","TOT","M3CAP","A","2002",524.4313,"E"
"OECDE","WATERABST","TOT","M3CAP","A","2003",534.0734,"E"
"OECDE","WATERABST","TOT","M3CAP","A","2004",538.567,"E"
"OECDE","WATERABST","TOT","M3CAP","A","2005",536.6981,"E"
"OECDE","WATERABST","TOT","M3CAP","A","2006",527.0806,"E"
"OECDE","WATERABST","TOT","M3CAP","A","2007",511.8752,"E"
"OECDE","WATERABST","TOT","M3CAP","A","2008",510.6303,"E"
"OECDE","WATERABST","TOT","M3CAP","A","2009",519.5619,"E"
"OECDE","WATERABST","TOT","M3CAP","A","2010",516.5871,"E"
"OECDE","WATERABST","TOT","M3CAP","A","2011",509.0138,"E"
"OECDE","WATERABST","TOT","M3CAP","A","2012",506.9942,"E"
"OECDE","WATERABST","TOT","M3CAP","A","2013",492.6546,"E"
"OECDE","WATERABST","TOT","M3CAP","A","2014",489.892,"E"
"OECDE","WATERABST","TOT","M3CAP","A","2015",487.0465,"E"
"OECDE","WATERABST","TOT","M3CAP","A","2016",485.4858,"E"
"RUS","WATERABST","TOT","M3CAP","A","1980",806.157,
"RUS","WATERABST","TOT","M3CAP","A","1981",800.6845,
"RUS","WATERABST","TOT","M3CAP","A","1982",753.9827,
"RUS","WATERABST","TOT","M3CAP","A","1983",708.3804,
"RUS","WATERABST","TOT","M3CAP","A","1984",641.7231,
"RUS","WATERABST","TOT","M3CAP","A","1985",642.9338,
"RUS","WATERABST","TOT","M3CAP","A","1986",606.6667,
"RUS","WATERABST","TOT","M3CAP","A","1987",584.9296,
"RUS","WATERABST","TOT","M3CAP","A","1988",568.1697,
"RUS","WATERABST","TOT","M3CAP","A","1989",558.6745,
"RUS","WATERABST","TOT","M3CAP","A","1992",711.5184,
"RUS","WATERABST","TOT","M3CAP","A","1993",672.661,
"RUS","WATERABST","TOT","M3CAP","A","1994",613.7852,
"RUS","WATERABST","TOT","M3CAP","A","1995",619.8781,
"RUS","WATERABST","TOT","M3CAP","A","1996",590.0229,
"RUS","WATERABST","TOT","M3CAP","A","1997",574.1757,
"RUS","WATERABST","TOT","M3CAP","A","1998",562.983,
"RUS","WATERABST","TOT","M3CAP","A","1999",558.5635,
"RUS","WATERABST","TOT","M3CAP","A","2000",551.8164,
"RUS","WATERABST","TOT","M3CAP","A","2001",539.9724,
"RUS","WATERABST","TOT","M3CAP","A","2002",540.0397,
"RUS","WATERABST","TOT","M3CAP","A","2003",531.557,
"RUS","WATERABST","TOT","M3CAP","A","2004",515.1807,
"RUS","WATERABST","TOT","M3CAP","A","2005",517.8035,
"RUS","WATERABST","TOT","M3CAP","A","2006",518.4446,
"RUS","WATERABST","TOT","M3CAP","A","2007",521.3617,
"RUS","WATERABST","TOT","M3CAP","A","2008",519.6558,
"RUS","WATERABST","TOT","M3CAP","A","2009",488.5991,
"RUS","WATERABST","TOT","M3CAP","A","2010",507.7404,
"RUS","WATERABST","TOT","M3CAP","A","2011",479.1993,
"RUS","WATERABST","TOT","M3CAP","A","2012",462.2488,
"RUS","WATERABST","TOT","M3CAP","A","2013",453.3792,
"RUS","WATERABST","TOT","M3CAP","A","2014",450.7956,
"RUS","WATERABST","TOT","M3CAP","A","2015",432.0235,
"RUS","WATERABST","TOT","M3CAP","A","2016",437.6078,
"LTU","WATERABST","TOT","MLN_M3","A","2004",3278.17017,
"LTU","WATERABST","TOT","MLN_M3","A","2005",2364.87793,
"LTU","WATERABST","TOT","MLN_M3","A","2006",2081.07959,
"LTU","WATERABST","TOT","MLN_M3","A","2007",2268.98706,
"LTU","WATERABST","TOT","MLN_M3","A","2008",2274.89233,
"LTU","WATERABST","TOT","MLN_M3","A","2009",2411.86719,
"LTU","WATERABST","TOT","MLN_M3","A","2010",741.25592,
"LTU","WATERABST","TOT","MLN_M3","A","2011",612.07831,
"LTU","WATERABST","TOT","MLN_M3","A","2012",668.72339,
"LTU","WATERABST","TOT","MLN_M3","A","2013",443.10202,
"LTU","WATERABST","TOT","MLN_M3","A","2014",388.61621,
"LTU","WATERABST","TOT","MLN_M3","A","2015",410.50037,
"LTU","WATERABST","TOT","MLN_M3","A","2016",340.12309,
"LTU","WATERABST","TOT","M3CAP","A","2004",969.5522,
"LTU","WATERABST","TOT","M3CAP","A","2005",707.147,
"LTU","WATERABST","TOT","M3CAP","A","2006",629.9294,
"LTU","WATERABST","TOT","M3CAP","A","2007",695.9888,
"LTU","WATERABST","TOT","M3CAP","A","2008",707.6691,
"LTU","WATERABST","TOT","M3CAP","A","2009",761.1362,
"LTU","WATERABST","TOT","M3CAP","A","2010",237.2928,
"LTU","WATERABST","TOT","M3CAP","A","2011",198.7344,
"LTU","WATERABST","TOT","M3CAP","A","2012",220.1743,
"LTU","WATERABST","TOT","M3CAP","A","2013",147.832,
"LTU","WATERABST","TOT","M3CAP","A","2014",131.2074,
"LTU","WATERABST","TOT","M3CAP","A","2015",140.0105,
"LTU","WATERABST","TOT","M3CAP","A","2016",116.9512,
"CRI","WATERABST","TOT","MLN_M3","A","2008",384.46554,
"CRI","WATERABST","TOT","MLN_M3","A","2009",486.4184,
"CRI","WATERABST","TOT","MLN_M3","A","2010",853.32816,
"CRI","WATERABST","TOT","MLN_M3","A","2011",1066.20251,
"CRI","WATERABST","TOT","MLN_M3","A","2012",1246.09814,
"CRI","WATERABST","TOT","MLN_M3","A","2013",1347.40405,
"CRI","WATERABST","TOT","MLN_M3","A","2014",1656.21533,
"CRI","WATERABST","TOT","MLN_M3","A","2015",1990.31836,
"CRI","WATERABST","TOT","MLN_M3","A","2016",2089.36987,
"CRI","WATERABST","TOT","M3CAP","A","2008",86.80429,
"CRI","WATERABST","TOT","M3CAP","A","2009",108.3787,
"CRI","WATERABST","TOT","M3CAP","A","2010",187.7441,
"CRI","WATERABST","TOT","M3CAP","A","2011",231.7593,
"CRI","WATERABST","TOT","M3CAP","A","2012",267.74,
"CRI","WATERABST","TOT","M3CAP","A","2013",286.2918,
"CRI","WATERABST","TOT","M3CAP","A","2014",348.2006,
"CRI","WATERABST","TOT","M3CAP","A","2015",413.9702,
"CRI","WATERABST","TOT","M3CAP","A","2016",430.1528,
